Q diagonal vector for K_3/1
  2  -1   0

Q diagonal vector for K_5/1
  4   1   2  -1   0

Q diagonal vector for K_5/2
  1   2  -1   0   3

Q diagonal vector for K_7/1
  6   3   4   1   2  -1   0

Q diagonal vector for K_7/3
  4   1   2  -1   0   3   2

Q diagonal vector for K_7/5
  2  -1   0   3   4   1   2

Q diagonal vector for K_9/1
  8   5   6   3   4   1   2  -1   0

Q diagonal vector for K_9/2
 -1   0  -3  -2   1   2  -1   0   3

Q diagonal vector for K_9/4
  3   4   1   2  -1   0   3   2   5

Q diagonal vector for K_11/1
 10   7   8   5   6   3   4   1   2  -1   0

Q diagonal vector for K_11/4
  1   0   3   4   1   2  -1   0   3   2   5

Q diagonal vector for K_11/5
  6   3   4   1   2  -1   0   3   2   5   4

Q diagonal vector for K_11/8
 -2  -1  -4  -3   0  -1  -4  -3  -6  -5  -2

Q diagonal vector for K_11/9
  0  -3  -2   1   2  -1   0   3   4   1   2

Q diagonal vector for K_13/1
 12   9  10   7   8   5   6   3   4   1   2  -1   0

Q diagonal vector for K_13/2
 -3  -2  -5  -4  -1   0  -3  -2   1   2  -1   0   3

Q diagonal vector for K_13/3
  6   3   4   1   2   5   4   1   2  -1   0   3   2

Q diagonal vector for K_13/6
  5   6   3   4   1   2  -1   0   3   2   5   4   7

Q diagonal vector for K_13/8
  3   2   5   4   1   2   5   6   3   4   1   0   3

Q diagonal vector for K_13/9
  6   3   4   1   2   5   4   7   8   5   6   3   4

Q diagonal vector for K_15/1
 14  11  12   9  10   7   8   5   6   3   4   1   2  -1   0

Q diagonal vector for K_15/7
  8   5   6   3   4   1   2  -1   0   3   2   5   4   7   6

Q diagonal vector for K_15/11
  1  -2  -1  -4  -3   0  -1   2   3   0   1  -2  -1   2   1

Q diagonal vector for K_15/13
 -2  -5  -4  -1   0  -3  -2   1   2  -1   0   3   4   1   2

Q diagonal vector for K_17/1
 16  13  14  11  12   9  10   7   8   5   6   3   4   1   2  -1   0

Q diagonal vector for K_17/2
 -5  -4  -7  -6  -3  -2  -5  -4  -1   0  -3  -2   1   2  -1   0   3

Q diagonal vector for K_17/4
  1   2  -1   0  -3  -2   1   0   3   4   1   2  -1   0   3   2   5

Q diagonal vector for K_17/5
  4   1   2   5   6   3   4   1   0   3   2  -1   0   3   4   1   2

Q diagonal vector for K_17/6
  1   0   3   2   5   6   3   4   1   2  -1   0   3   2   5   4   7

Q diagonal vector for K_17/7
  6   3   4   1   0   3   4   1   2  -1   0   3   2   5   4   1   2

Q diagonal vector for K_17/8
  7   8   5   6   3   4   1   2  -1   0   3   2   5   4   7   6   9

Q diagonal vector for K_17/14
 -4  -3  -6  -5  -2  -3  -6  -5  -8  -7  -4  -5  -8  -7 -10  -9  -6

Q diagonal vector for K_19/1
 18  15  16  13  14  11  12   9  10   7   8   5   6   3   4   1   2  -1   0

Q diagonal vector for K_19/3
  8   5   6   3   4   7   6   3   4   1   2   5   4   1   2  -1   0   3   2

Q diagonal vector for K_19/4
 -1  -2   1   2  -1   0  -3  -2   1   0   3   4   1   2  -1   0   3   2   5

Q diagonal vector for K_19/7
  5   2   1   4   3   0   1  -2  -1   2   3   0   1   4   3   0  -1   2   1

Q diagonal vector for K_19/9
 10   7   8   5   6   3   4   1   2  -1   0   3   2   5   4   7   6   9   8

Q diagonal vector for K_19/11
  4   1   2   5   4   7   6   3   4   7   8   5   6   3   2   5   6   3   4

Q diagonal vector for K_19/13
 10   7   8   5   6   3   4   7   6   9   8  11  12   9  10   7   8   5   6

Q diagonal vector for K_19/14
 -4  -3  -6  -5  -8  -7  -4  -5  -2  -3  -6  -5  -8  -7 -10  -9  -6  -7  -4

Q diagonal vector for K_19/17
 -4  -7  -6  -3  -2  -5  -4  -1   0  -3  -2   1   2  -1   0   3   4   1   2

Q diagonal vector for K_21/1
 20  17  18  15  16  13  14  11  12   9  10   7   8   5   6   3   4   1   2  -1   0

Q diagonal vector for K_21/2
 -7  -6  -9  -8  -5  -4  -7  -6  -3  -2  -5  -4  -1   0  -3  -2   1   2  -1   0   3

Q diagonal vector for K_21/5
  8   5   6   3   4   1   2   5   4   7   6   3   4   1   2  -1   0   3   2   5   4

Q diagonal vector for K_21/10
  9  10   7   8   5   6   3   4   1   2  -1   0   3   2   5   4   7   6   9   8  11

Q diagonal vector for K_21/13
  0  -3  -4  -1  -2   1   2  -1   0   3   2  -1   0  -3  -2   1   2  -1  -2   1   0

Q diagonal vector for K_21/17
  4   1   2  -1   0   3   2   5   6   3   4   1   2   5   4   7   8   5   6   3   4

Q diagonal vector for K_23/1
 22  19  20  17  18  15  16  13  14  11  12   9  10   7   8   5   6   3   4   1   2  -1   0

Q diagonal vector for K_23/8
  1   0   3   2   5   4   7   8   5   6   3   4   1   2  -1   0   3   2   5   4   7   6   9

Q diagonal vector for K_23/10
  3   2   5   6   3   4   1   0   3   4   1   2  -1   0   3   2   5   4   1   2   5   4   7

Q diagonal vector for K_23/11
 12   9  10   7   8   5   6   3   4   1   2  -1   0   3   2   5   4   7   6   9   8  11  10

Q diagonal vector for K_23/14
  5   4   7   6   9   8   5   6   3   4   7   6   9  10   7   8   5   6   3   2   5   4   7

Q diagonal vector for K_23/16
 -4  -3  -6  -5  -2  -1  -4  -3   0  -1  -4  -5  -2  -3  -6  -5  -8  -7  -4  -3  -6  -5  -2

Q diagonal vector for K_23/17
 -1  -4  -3  -6  -5  -8  -7  -4  -5  -2  -3   0   1  -2  -1  -4  -3  -6  -5  -2  -3   0  -1

Q diagonal vector for K_23/18
  1   0   3   2  -1   0   3   4   1   2  -1  -2   1   0  -3  -2   1   2  -1   0  -3  -4  -1

Q diagonal vector for K_23/19
 -1  -4  -3  -6  -5  -2  -3   0   1  -2  -1  -4  -3   0  -1   2   3   0   1  -2  -1   2   1

Q diagonal vector for K_23/20
 -6  -5  -8  -7  -4  -5  -8  -7 -10  -9  -6  -7 -10  -9 -12 -11  -8  -9 -12 -11 -14 -13 -10

Q diagonal vector for K_23/21
 -6  -9  -8  -5  -4  -7  -6  -3  -2  -5  -4  -1   0  -3  -2   1   2  -1   0   3   4   1   2

Q diagonal vector for K_25/1
 24  21  22  19  20  17  18  15  16  13  14  11  12   9  10   7   8   5   6   3   4   1   2  -1   0

Q diagonal vector for K_25/2
 -9  -8 -11 -10  -7  -6  -9  -8  -5  -4  -7  -6  -3  -2  -5  -4  -1   0  -3  -2   1   2  -1   0   3

Q diagonal vector for K_25/3
 10   7   8   5   6   9   8   5   6   3   4   7   6   3   4   1   2   5   4   1   2  -1   0   3   2

Q diagonal vector for K_25/4
 -1   0  -3  -2  -5  -4  -1  -2   1   2  -1   0  -3  -2   1   0   3   4   1   2  -1   0   3   2   5

Q diagonal vector for K_25/6
  3   4   1   2  -1   0  -3  -2   1   0   3   2   5   6   3   4   1   2  -1   0   3   2   5   4   7

Q diagonal vector for K_25/12
 11  12   9  10   7   8   5   6   3   4   1   2  -1   0   3   2   5   4   7   6   9   8  11  10  13

Q diagonal vector for K_25/14
  5   4   7   6   3   4   7   6   9   8   5   6   9  10   7   8   5   4   7   8   5   6   3   2   5

Q diagonal vector for K_25/16
  3   2   5   4   1   0   3   2  -1   0   3   4   1   2   5   6   3   4   1   0   3   2  -1  -2   1

Q diagonal vector for K_25/17
 14  11  12   9  10   7   8   5   6   9   8  11  10  13  12  15  16  13  14  11  12   9  10   7   8

Q diagonal vector for K_25/18
  0  -1   2   3   0   1  -2  -1   2   1   4   3   0   1  -2  -3   0   1  -2  -1  -4  -3   0  -1   2

Q diagonal vector for K_27/1
 26  23  24  21  22  19  20  17  18  15  16  13  14  11  12   9  10   7   8   5   6   3   4   1   2  -1   0

Q diagonal vector for K_27/4
 -3  -4  -1   0  -3  -2  -5  -4  -1  -2   1   2  -1   0  -3  -2   1   0   3   4   1   2  -1   0   3   2   5

Q diagonal vector for K_27/5
  6   3   4   7   8   5   6   3   2   5   4   1   2   5   6   3   4   1   0   3   2  -1   0   3   4   1   2

Q diagonal vector for K_27/8
 -3  -2  -5  -4  -1  -2  -5  -4  -7  -6  -3  -2  -5  -6  -3  -4  -1   0  -3  -2   1   0  -3  -2  -5  -4  -1

Q diagonal vector for K_27/10
  3   4   1   0   3   2   5   6   3   4   1   2   5   4   1   2  -1   0   3   2   5   6   3   2   5   4   7

Q diagonal vector for K_27/11
  8   5   6   3   4   1   0   3   2   5   6   3   4   1   2  -1   0   3   2   5   4   7   6   3   4   1   2

Q diagonal vector for K_27/13
 14  11  12   9  10   7   8   5   6   3   4   1   2  -1   0   3   2   5   4   7   6   9   8  11  10  13  12

Q diagonal vector for K_27/20
 -6  -5  -8  -7 -10  -9 -12 -11  -8  -9  -6  -7  -4  -5  -8  -7 -10  -9 -12 -11 -14 -13 -10 -11  -8  -9  -6

Q diagonal vector for K_27/25
 -8 -11 -10  -7  -6  -9  -8  -5  -4  -7  -6  -3  -2  -5  -4  -1   0  -3  -2   1   2  -1   0   3   4   1   2

Q diagonal vector for K_29/1
 28  25  26  23  24  21  22  19  20  17  18  15  16  13  14  11  12   9  10   7   8   5   6   3   4   1   2  -1   0

Q diagonal vector for K_29/2
-11 -10 -13 -12  -9  -8 -11 -10  -7  -6  -9  -8  -5  -4  -7  -6  -3  -2  -5  -4  -1   0  -3  -2   1   2  -1   0   3

Q diagonal vector for K_29/6
 -1  -2   1   0   3   4   1   2  -1   0  -3  -2   1   0   3   2   5   6   3   4   1   2  -1   0   3   2   5   4   7

Q diagonal vector for K_29/7
 10   7   8   5   6   3   4   1   2   5   4   7   6   9   8   5   6   3   4   1   2  -1   0   3   2   5   4   7   6

Q diagonal vector for K_29/8
 -2  -3   0  -1  -4  -3   0   1  -2  -1  -4  -5  -2  -1  -4  -3   0  -1   2   1  -2  -1   2   3   0   1  -2  -3   0

Q diagonal vector for K_29/9
  4   1   2   5   6   3   4   7   8   5   6   3   2   5   4   1   0   3   2  -1   0   3   4   1   2   5   6   3   4

Q diagonal vector for K_29/10
  1   0   3   2   5   4   7   6   9  10   7   8   5   6   3   4   1   2  -1   0   3   2   5   4   7   6   9   8  11

Q diagonal vector for K_29/12
  2   3   0   1   4   5   2   1   4   3   0   1  -2  -1   2   3   0   1   4   3   0  -1   2   1   4   5   2   3   6

Q diagonal vector for K_29/13
  8   5   6   3   2   5   6   3   4   1   0   3   4   1   2  -1   0   3   2   5   4   1   2   5   4   7   6   3   4

Q diagonal vector for K_29/14
 13  14  11  12   9  10   7   8   5   6   3   4   1   2  -1   0   3   2   5   4   7   6   9   8  11  10  13  12  15

Q diagonal vector for K_29/18
  2   3   0  -1   2   1   4   3   0   1  -2  -1   2   1   4   5   2   3   0   1   4   3   0   1  -2  -3   0  -1   2

Q diagonal vector for K_29/24
 -6  -5  -8  -7 -10  -9  -6  -7  -4  -5  -8  -7 -10  -9 -12 -11  -8  -9  -6  -7 -10  -9 -12 -11 -14 -13 -10 -11  -8

Q diagonal vector for K_29/25
  2  -1   0  -3  -2   1   0   3   4   1   2  -1   0   3   2   5   6   3   4   1   2   5   4   7   8   5   6   3   4

Q diagonal vector for K_29/26
 -8  -7 -10  -9  -6  -7 -10  -9 -12 -11  -8  -9 -12 -11 -14 -13 -10 -11 -14 -13 -16 -15 -12 -13 -16 -15 -18 -17 -14

Q diagonal vector for K_31/1
 30  27  28  25  26  23  24  21  22  19  20  17  18  15  16  13  14  11  12   9  10   7   8   5   6   3   4   1   2  -1   0

Q diagonal vector for K_31/3
 12   9  10   7   8  11  10   7   8   5   6   9   8   5   6   3   4   7   6   3   4   1   2   5   4   1   2  -1   0   3   2

Q diagonal vector for K_31/5
 10   7   8   5   6   3   4   7   6   9   8   5   6   3   4   1   2   5   4   7   6   3   4   1   2  -1   0   3   2   5   4

Q diagonal vector for K_31/7
  8   5   6   3   2   5   6   3   4   1   2   5   4   7   6   3   4   1   0   3   4   1   2  -1   0   3   2   5   4   1   2

Q diagonal vector for K_31/9
  6   3   4   1   2   5   4   7   8   5   6   3   4   1   0   3   2   5   4   1   2  -1   0   3   2   5   6   3   4   1   2

Q diagonal vector for K_31/11
  5   2   1   4   3   0  -1   2   1  -2  -1  -4  -3   0   1  -2  -1   2   3   0   1   4   3   0  -1   2   1  -2  -3   0  -1

Q diagonal vector for K_31/12
  3   2   5   4   1   0   3   4   1   2   5   6   3   4   1   0   3   2  -1   0   3   4   1   2   5   4   7   6   3   2   5

Q diagonal vector for K_31/15
 16  13  14  11  12   9  10   7   8   5   6   3   4   1   2  -1   0   3   2   5   4   7   6   9   8  11  10  13  12  15  14

Q diagonal vector for K_31/17
  6   3   4   7   6   9   8   5   6   9   8  11  10   7   8  11  12   9  10   7   6   9  10   7   8   5   4   7   8   5   6

Q diagonal vector for K_31/18
  1   2  -1   0   3   2  -1  -2   1   0   3   4   1   2   5   4   1   2  -1   0   3   4   1   0   3   2  -1   0  -3  -2   1

Q diagonal vector for K_31/21
 18  15  16  13  14  11  12   9  10   7   8  11  10  13  12  15  14  17  16  19  20  17  18  15  16  13  14  11  12   9  10

Q diagonal vector for K_31/23
 -3  -6  -5  -8  -7 -10  -9 -12 -11  -8  -9  -6  -7  -4  -5  -2  -1  -4  -3  -6  -5  -8  -7 -10  -9  -6  -7  -4  -5  -2  -3

Q diagonal vector for K_31/25
  8   5   6   3   4   1   2   5   4   7   6   9  10   7   8   5   6   3   4   7   6   9   8  11  12   9  10   7   8   5   6

Q diagonal vector for K_31/27
 -3  -6  -5  -8  -7  -4  -5  -2  -1  -4  -3  -6  -5  -2  -3   0   1  -2  -1  -4  -3   0  -1   2   3   0   1  -2  -1   2   1

Q diagonal vector for K_31/29
-10 -13 -12  -9  -8 -11 -10  -7  -6  -9  -8  -5  -4  -7  -6  -3  -2  -5  -4  -1   0  -3  -2   1   2  -1   0   3   4   1   2

Q diagonal vector for K_33/1
 32  29  30  27  28  25  26  23  24  21  22  19  20  17  18  15  16  13  14  11  12   9  10   7   8   5   6   3   4   1   2  -1   0

Q diagonal vector for K_33/2
-13 -12 -15 -14 -11 -10 -13 -12  -9  -8 -11 -10  -7  -6  -9  -8  -5  -4  -7  -6  -3  -2  -5  -4  -1   0  -3  -2   1   2  -1   0   3

Q diagonal vector for K_33/4
 -3  -2  -5  -4  -7  -6  -3  -4  -1   0  -3  -2  -5  -4  -1  -2   1   2  -1   0  -3  -2   1   0   3   4   1   2  -1   0   3   2   5

Q diagonal vector for K_33/7
  7   4   3   6   5   2   3   0   1   4   5   2   3   6   5   2   1   4   3   0   1  -2  -1   2   3   0   1   4   3   0  -1   2   1

Q diagonal vector for K_33/8
  5   6   3   4   1   2  -1   0  -3  -2   1   0   3   2   5   4   7   8   5   6   3   4   1   2  -1   0   3   2   5   4   7   6   9

Q diagonal vector for K_33/16
 15  16  13  14  11  12   9  10   7   8   5   6   3   4   1   2  -1   0   3   2   5   4   7   6   9   8  11  10  13  12  15  14  17

Q diagonal vector for K_33/19
  8   5   6   3   4   7   6   9   8  11  10   7   8   5   6   9   8  11  12   9  10   7   8   5   4   7   6   9  10   7   8   5   6

Q diagonal vector for K_33/20
  7   6   9   8  11  10  13  12   9  10   7   8   5   6   9   8  11  10  13  14  11  12   9  10   7   8   5   4   7   6   9   8  11

Q diagonal vector for K_33/23
  5   2   3   0   1   4   3   0   1  -2  -1   2   1   4   5   2   1   4   3   6   7   4   5   2   3   6   5   2   3   0   1   4   3

Q diagonal vector for K_33/28
 -1  -2   1   0  -3  -2   1   2  -1   0  -3  -4  -1  -2  -5  -4  -1   0  -3  -2  -5  -6  -3  -4  -7  -6  -3  -2  -5  -4  -7  -8  -5

Q diagonal vector for K_35/1
 34  31  32  29  30  27  28  25  26  23  24  21  22  19  20  17  18  15  16  13  14  11  12   9  10   7   8   5   6   3   4   1   2  -1   0

Q diagonal vector for K_35/4
 -5  -6  -3  -2  -5  -4  -7  -6  -3  -4  -1   0  -3  -2  -5  -4  -1  -2   1   2  -1   0  -3  -2   1   0   3   4   1   2  -1   0   3   2   5

Q diagonal vector for K_35/12
  1   0   3   2   5   4   7   6   9   8  11  12   9  10   7   8   5   6   3   4   1   2  -1   0   3   2   5   4   7   6   9   8  11  10  13

Q diagonal vector for K_35/13
  7   4   5   2   1   4   3   6   5   2   3   0   1  -2  -1   2   1   4   5   2   3   0   1   4   3   6   5   2   3   0  -1   2   1   4   3

Q diagonal vector for K_35/16
  5   4   7   8   5   6   3   2   5   6   3   4   1   0   3   4   1   2  -1   0   3   2   5   4   1   2   5   4   7   6   3   4   7   6   9

Q diagonal vector for K_35/17
 18  15  16  13  14  11  12   9  10   7   8   5   6   3   4   1   2  -1   0   3   2   5   4   7   6   9   8  11  10  13  12  15  14  17  16

Q diagonal vector for K_35/24
 -6  -5  -8  -7  -4  -3  -6  -5  -2  -1  -4  -3   0  -1  -4  -5  -2  -3  -6  -7  -4  -5  -8  -7 -10  -9  -6  -5  -8  -7  -4  -3  -6  -5  -2

Q diagonal vector for K_35/26
 -8  -7 -10  -9 -12 -11 -14 -13 -16 -15 -12 -13 -10 -11  -8  -9  -6  -7 -10  -9 -12 -11 -14 -13 -16 -15 -18 -17 -14 -15 -12 -13 -10 -11  -8

Q diagonal vector for K_35/27
  2  -1   0   3   2   5   4   1   2   5   6   3   4   1   0   3   4   1   2   5   4   7   6   3   4   7   8   5   6   3   2   5   6   3   4

Q diagonal vector for K_35/29
 -3  -6  -5  -8  -7 -10  -9  -6  -7  -4  -5  -2  -1  -4  -3  -6  -5  -8  -7  -4  -5  -2  -3   0   1  -2  -1  -4  -3  -6  -5  -2  -3   0  -1

Q diagonal vector for K_35/32
-10  -9 -12 -11  -8  -9 -12 -11 -14 -13 -10 -11 -14 -13 -16 -15 -12 -13 -16 -15 -18 -17 -14 -15 -18 -17 -20 -19 -16 -17 -20 -19 -22 -21 -18

Q diagonal vector for K_35/33
-12 -15 -14 -11 -10 -13 -12  -9  -8 -11 -10  -7  -6  -9  -8  -5  -4  -7  -6  -3  -2  -5  -4  -1   0  -3  -2   1   2  -1   0   3   4   1   2

Q diagonal vector for K_37/1
 36  33  34  31  32  29  30  27  28  25  26  23  24  21  22  19  20  17  18  15  16  13  14  11  12   9  10   7   8   5   6   3   4   1   2  -1   0

Q diagonal vector for K_37/2
-15 -14 -17 -16 -13 -12 -15 -14 -11 -10 -13 -12  -9  -8 -11 -10  -7  -6  -9  -8  -5  -4  -7  -6  -3  -2  -5  -4  -1   0  -3  -2   1   2  -1   0   3

Q diagonal vector for K_37/3
 14  11  12   9  10  13  12   9  10   7   8  11  10   7   8   5   6   9   8   5   6   3   4   7   6   3   4   1   2   5   4   1   2  -1   0   3   2

Q diagonal vector for K_37/5
  8   5   6   9  10   7   8   5   4   7   6   3   4   7   8   5   6   3   2   5   4   1   2   5   6   3   4   1   0   3   2  -1   0   3   4   1   2

Q diagonal vector for K_37/6
  1   2  -1   0  -3  -2  -5  -4  -1  -2   1   0   3   4   1   2  -1   0  -3  -2   1   0   3   2   5   6   3   4   1   2  -1   0   3   2   5   4   7

Q diagonal vector for K_37/9
 12   9  10   7   8   5   6   3   4   1   2   5   4   7   6   9   8  11  10   7   8   5   6   3   4   1   2  -1   0   3   2   5   4   7   6   9   8

Q diagonal vector for K_37/11
  6   3   4   1   2   5   4   7   8   5   6   3   4   7   6   3   4   1   0   3   2   5   4   1   2  -1   0   3   2   5   6   3   4   1   2   5   4

Q diagonal vector for K_37/15
 10   7   8   5   6   3   4   1   0   3   2   5   4   7   8   5   6   3   4   1   2  -1   0   3   2   5   4   7   6   9   8   5   6   3   4   1   2

Q diagonal vector for K_37/16
  3   2   5   4   7   8   5   6   3   4   1   0   3   2   5   6   3   4   1   2  -1   0   3   2   5   4   7   6   3   4   1   2   5   4   7   6   9

Q diagonal vector for K_37/18
 17  18  15  16  13  14  11  12   9  10   7   8   5   6   3   4   1   2  -1   0   3   2   5   4   7   6   9   8  11  10  13  12  15  14  17  16  19

Q diagonal vector for K_37/20
  7   6   9   8   5   6   9   8  11  10   7   8  11  10  13  12   9  10  13  14  11  12   9   8  11  12   9  10   7   6   9  10   7   8   5   4   7

Q diagonal vector for K_37/23
 -2  -5  -4  -7  -8  -5  -6  -3  -4  -1   0  -3  -2  -5  -4  -1  -2   1   0  -3  -2  -5  -4  -7  -6  -3  -4  -1   0  -3  -2  -5  -6  -3  -4  -1  -2

Q diagonal vector for K_37/24
  3   2   5   4   1   0   3   2  -1  -2   1   0  -3  -2   1   2  -1   0   3   4   1   2   5   6   3   4   1   0   3   2  -1  -2   1   0  -3  -4  -1

Q diagonal vector for K_37/25
 22  19  20  17  18  15  16  13  14  11  12   9  10  13  12  15  14  17  16  19  18  21  20  23  24  21  22  19  20  17  18  15  16  13  14  11  12

Q diagonal vector for K_37/27
  5   2   3   0  -1   2   3   0   1  -2  -1   2   1   4   3   0   1   4   3   6   7   4   5   2   1   4   5   2   3   0   1   4   3   6   5   2   3

Q diagonal vector for K_37/29
 -2  -5  -6  -3  -4  -1   0  -3  -2   1   0  -3  -2  -5  -4  -1   0  -3  -4  -1  -2   1   2  -1   0   3   2  -1   0  -3  -2   1   2  -1  -2   1   0

Q diagonal vector for K_37/30
 -6  -5  -8  -7  -4  -3  -6  -5  -2  -3  -6  -7  -4  -5  -8  -7 -10  -9  -6  -5  -8  -7  -4  -5  -8  -9  -6  -7 -10  -9 -12 -11  -8  -7 -10  -9  -6

Q diagonal vector for K_37/33
  0  -3  -2  -5  -4  -1  -2   1   2  -1   0  -3  -2   1   0   3   4   1   2  -1   0   3   2   5   6   3   4   1   2   5   4   7   8   5   6   3   4

Q diagonal vector for K_39/1
 38  35  36  33  34  31  32  29  30  27  28  25  26  23  24  21  22  19  20  17  18  15  16  13  14  11  12   9  10   7   8   5   6   3   4   1   2  -1   0

Q diagonal vector for K_39/8
 -1  -2   1   0   3   2   5   6   3   4   1   2  -1   0  -3  -2   1   0   3   2   5   4   7   8   5   6   3   4   1   2  -1   0   3   2   5   4   7   6   9

Q diagonal vector for K_39/17
  7   4   3   6   5   2   3   0   1   4   5   2   1   4   3   0   1  -2  -1   2   3   0   1   4   3   0  -1   2   1   4   5   2   3   6   5   2   1   4   3

Q diagonal vector for K_39/19
 20  17  18  15  16  13  14  11  12   9  10   7   8   5   6   3   4   1   2  -1   0   3   2   5   4   7   6   9   8  11  10  13  12  15  14  17  16  19  18

Q diagonal vector for K_39/23
  2  -1   0   3   4   1   2   5   4   7   6   3   2   5   4   1   2   5   6   3   4   7   8   5   6   3   2   5   4   1   0   3   4   1   2   5   6   3   4

Q diagonal vector for K_39/25
 -4  -7  -8  -5  -6  -3  -2  -5  -6  -3  -4  -1   0  -3  -2   1   0  -3  -2  -5  -4  -1  -2  -5  -4  -7  -6  -3  -2  -5  -6  -3  -4  -1   0  -3  -4  -1  -2

Q diagonal vector for K_39/28
  2   1   4   3   6   7   4   5   2   3   0   1   4   3   6   5   8   7   4   5   2   3   0  -1   2   1   4   5   2   3   0   1  -2  -1   2   1   4   3   6

Q diagonal vector for K_39/29
 -5  -8  -7 -10  -9 -12 -11 -14 -13 -16 -15 -12 -13 -10 -11  -8  -9  -6  -7  -4  -3  -6  -5  -8  -7 -10  -9 -12 -11 -14 -13 -10 -11  -8  -9  -6  -7  -4  -5

Q diagonal vector for K_39/32
 -2  -3   0   1  -2  -1  -4  -3   0  -1   2   1  -2  -1  -4  -5  -2  -1  -4  -3  -6  -5  -2  -3   0  -1  -4  -3  -6  -7  -4  -3  -6  -5  -8  -7  -4  -5  -2

Q diagonal vector for K_39/34
 -8  -7 -10  -9 -12 -11  -8  -9  -6  -7 -10  -9 -12 -11 -14 -13 -10 -11  -8  -9 -12 -11 -14 -13 -16 -15 -12 -13 -10 -11 -14 -13 -16 -15 -18 -17 -14 -15 -12

Q diagonal vector for K_39/35
 -5  -8  -7 -10  -9  -6  -7  -4  -3  -6  -5  -8  -7  -4  -5  -2  -1  -4  -3  -6  -5  -2  -3   0   1  -2  -1  -4  -3   0  -1   2   3   0   1  -2  -1   2   1

Q diagonal vector for K_39/37
-14 -17 -16 -13 -12 -15 -14 -11 -10 -13 -12  -9  -8 -11 -10  -7  -6  -9  -8  -5  -4  -7  -6  -3  -2  -5  -4  -1   0  -3  -2   1   2  -1   0   3   4   1   2

Q diagonal vector for K_41/1
 40  37  38  35  36  33  34  31  32  29  30  27  28  25  26  23  24  21  22  19  20  17  18  15  16  13  14  11  12   9  10   7   8   5   6   3   4   1   2  -1   0

Q diagonal vector for K_41/2
-17 -16 -19 -18 -15 -14 -17 -16 -13 -12 -15 -14 -11 -10 -13 -12  -9  -8 -11 -10  -7  -6  -9  -8  -5  -4  -7  -6  -3  -2  -5  -4  -1   0  -3  -2   1   2  -1   0   3

Q diagonal vector for K_41/4
 -5  -4  -7  -6  -9  -8  -5  -6  -3  -2  -5  -4  -7  -6  -3  -4  -1   0  -3  -2  -5  -4  -1  -2   1   2  -1   0  -3  -2   1   0   3   4   1   2  -1   0   3   2   5

Q diagonal vector for K_41/5
 12   9  10   7   8   5   6   9   8  11  10   7   8   5   6   3   4   7   6   9   8   5   6   3   4   1   2   5   4   7   6   3   4   1   2  -1   0   3   2   5   4

Q diagonal vector for K_41/6
 -3  -4  -1  -2   1   2  -1   0  -3  -2  -5  -4  -1  -2   1   0   3   4   1   2  -1   0  -3  -2   1   0   3   2   5   6   3   4   1   2  -1   0   3   2   5   4   7

Q diagonal vector for K_41/10
  7   8   5   6   3   4   1   2  -1   0  -3  -2   1   0   3   2   5   4   7   6   9  10   7   8   5   6   3   4   1   2  -1   0   3   2   5   4   7   6   9   8  11

Q diagonal vector for K_41/11
  3   0   1   4   3   6   5   2   3   6   7   4   5   2   1   4   5   2   3   0  -1   2   1  -2  -1   2   1   4   3   0   1   4   5   2   3   0  -1   2   3   0   1

Q diagonal vector for K_41/13
  4   1   2   5   6   3   4   7   8   5   6   9  10   7   8   5   4   7   6   3   2   5   4   1   0   3   2  -1   0   3   4   1   2   5   6   3   4   7   8   5   6

Q diagonal vector for K_41/14
  1   0   3   2   5   4   7   6   9   8  11  10  13  14  11  12   9  10   7   8   5   6   3   4   1   2  -1   0   3   2   5   4   7   6   9   8  11  10  13  12  15

Q diagonal vector for K_41/15
  7   4   5   2   1   4   3   6   5   2   3   0  -1   2   3   0   1  -2  -1   2   1   4   5   2   3   0   1   4   3   6   5   2   3   0  -1   2   1   4   3   0   1

Q diagonal vector for K_41/17
  8   5   6   3   4   7   6   3   4   1   0   3   2   5   6   3   4   1   2   5   4   1   2  -1   0   3   2   5   6   3   2   5   4   7   6   3   4   1   2   5   4

Q diagonal vector for K_41/19
 10   7   8   5   4   7   8   5   6   3   2   5   6   3   4   1   0   3   4   1   2  -1   0   3   2   5   4   1   2   5   4   7   6   3   4   7   6   9   8   5   6

Q diagonal vector for K_41/20
 19  20  17  18  15  16  13  14  11  12   9  10   7   8   5   6   3   4   1   2  -1   0   3   2   5   4   7   6   9   8  11  10  13  12  15  14  17  16  19  18  21

Q diagonal vector for K_41/23
  2  -1  -2   1   0   3   4   1   2   5   4   1   0   3   2   5   6   3   4   7   6   3   4   1   2   5   6   3   2   5   4   1   2  -1   0   3   4   1   0   3   2

Q diagonal vector for K_41/25
  0  -3  -4  -1  -2  -5  -6  -3  -4  -1   0  -3  -2   1   2  -1   0   3   2  -1  -2   1   0  -3  -2  -5  -4  -1   0  -3  -2   1   2  -1  -2   1   0  -3  -4  -1  -2

Q diagonal vector for K_41/29
  4   1   2   5   6   3   4   1   0   3   2  -1   0   3   4   1   2   5   4   7   6   3   2   5   6   3   4   7   8   5   6   3   2   5   4   1   2   5   6   3   4

Q diagonal vector for K_41/32
  3   2   5   4   7   6   3   4   1   2   5   4   7   8   5   6   3   4   1   0   3   2   5   4   1   2  -1   0   3   2   5   6   3   4   1   2  -1  -2   1   0   3

Q diagonal vector for K_41/33
 12   9  10   7   8   5   6   3   4   7   6   9   8  11  10  13  14  11  12   9  10   7   8   5   6   9   8  11  10  13  12  15  16  13  14  11  12   9  10   7   8

Q diagonal vector for K_41/34
 -8  -7 -10  -9 -12 -11 -14 -13 -10 -11  -8  -9  -6  -7 -10  -9 -12 -11 -14 -13 -16 -15 -12 -13 -10 -11  -8  -9 -12 -11 -14 -13 -16 -15 -18 -17 -14 -15 -12 -13 -10

Q diagonal vector for K_41/38
-12 -11 -14 -13 -10 -11 -14 -13 -16 -15 -12 -13 -16 -15 -18 -17 -14 -15 -18 -17 -20 -19 -16 -17 -20 -19 -22 -21 -18 -19 -22 -21 -24 -23 -20 -21 -24 -23 -26 -25 -22

Q diagonal vector for K_43/1
 42  39  40  37  38  35  36  33  34  31  32  29  30  27  28  25  26  23  24  21  22  19  20  17  18  15  16  13  14  11  12   9  10   7   8   5   6   3   4   1   2  -1   0

Q diagonal vector for K_43/3
 16  13  14  11  12  15  14  11  12   9  10  13  12   9  10   7   8  11  10   7   8   5   6   9   8   5   6   3   4   7   6   3   4   1   2   5   4   1   2  -1   0   3   2

Q diagonal vector for K_43/4
 -7  -8  -5  -4  -7  -6  -9  -8  -5  -6  -3  -2  -5  -4  -7  -6  -3  -4  -1   0  -3  -2  -5  -4  -1  -2   1   2  -1   0  -3  -2   1   0   3   4   1   2  -1   0   3   2   5

Q diagonal vector for K_43/7
 12   9  10   7   8   5   6   3   4   7   6   9   8  11  10   7   8   5   6   3   4   1   2   5   4   7   6   9   8   5   6   3   4   1   2  -1   0   3   2   5   4   7   6

Q diagonal vector for K_43/8
 -5  -4  -7  -6  -3  -4  -7  -6  -9  -8  -5  -4  -7  -8  -5  -6  -3  -2  -5  -4  -1  -2  -5  -4  -7  -6  -3  -2  -5  -6  -3  -4  -1   0  -3  -2   1   0  -3  -2  -5  -4  -1

Q diagonal vector for K_43/10
  1   0   3   4   1   2  -1  -2   1   2  -1   0  -3  -2   1   0   3   2  -1   0   3   2   5   6   3   4   1   0   3   4   1   2  -1   0   3   2   5   4   1   2   5   4   7

Q diagonal vector for K_43/15
  5   2   1   4   3   0  -1   2   1  -2  -3   0  -1  -4  -3  -6  -5  -2  -1  -4  -3   0   1  -2  -1   2   3   0   1   4   3   0  -1   2   1  -2  -3   0  -1  -4  -5  -2  -3

Q diagonal vector for K_43/16
  5   6   3   4   1   0   3   2   5   4   7   8   5   6   3   4   1   2   5   4   7   6   3   4   1   2  -1   0   3   2   5   4   7   8   5   6   3   2   5   4   7   6   9

Q diagonal vector for K_43/21
 22  19  20  17  18  15  16  13  14  11  12   9  10   7   8   5   6   3   4   1   2  -1   0   3   2   5   4   7   6   9   8  11  10  13  12  15  14  17  16  19  18  21  20

Q diagonal vector for K_43/23
  8   5   6   9   8  11  10   7   8  11  10  13  12   9  10  13  12  15  14  11  12  15  16  13  14  11  10  13  14  11  12   9   8  11  12   9  10   7   6   9  10   7   8

Q diagonal vector for K_43/24
  7   6   9   8  11  10   7   8   5   6   9   8  11  10  13  12   9  10   7   8  11  10  13  14  11  12   9  10   7   6   9   8  11  12   9  10   7   8   5   4   7   6   9

Q diagonal vector for K_43/25
  3   0   1  -2  -1   2   1   4   5   2   1   4   3   6   5   2   3   0   1   4   3   6   7   4   5   2   3   6   5   2   3   0  -1   2   1   4   5   2   3   0   1   4   3

Q diagonal vector for K_43/26
  9   8  11  10  13  12  15  14  17  16  13  14  11  12   9  10   7   8  11  10  13  12  15  14  17  18  15  16  13  14  11  12   9  10   7   6   9   8  11  10  13  12  15

Q diagonal vector for K_43/29
 26  23  24  21  22  19  20  17  18  15  16  13  14  11  12  15  14  17  16  19  18  21  20  23  22  25  24  27  28  25  26  23  24  21  22  19  20  17  18  15  16  13  14

Q diagonal vector for K_43/30
 -6  -5  -8  -7 -10  -9  -6  -7  -4  -3  -6  -5  -8  -7  -4  -5  -2  -3  -6  -5  -8  -9  -6  -7  -4  -5  -8  -7 -10  -9 -12 -11  -8  -9  -6  -5  -8  -7 -10  -9  -6  -7  -4

Q diagonal vector for K_43/31
  1  -2  -3   0  -1  -4  -3  -6  -5  -2  -1  -4  -3   0  -1  -4  -5  -2  -3   0   1  -2  -1   2   3   0  -1   2   1  -2  -1  -4  -3   0   1  -2  -1   2   1  -2  -3   0  -1

Q diagonal vector for K_43/32
-10  -9 -12 -11 -14 -13 -16 -15 -18 -17 -20 -19 -16 -17 -14 -15 -12 -13 -10 -11  -8  -9 -12 -11 -14 -13 -16 -15 -18 -17 -20 -19 -22 -21 -18 -19 -16 -17 -14 -15 -12 -13 -10

Q diagonal vector for K_43/34
  1   0   3   2  -1  -2   1   0  -3  -2   1   2  -1   0   3   4   1   2  -1  -2   1   0  -3  -4  -1  -2  -5  -4  -1   0  -3  -2   1   2  -1   0  -3  -4  -1  -2  -5  -6  -3

Q diagonal vector for K_43/37
  6   3   4   1   2  -1   0   3   2   5   4   7   8   5   6   3   4   1   2   5   4   7   6   9  10   7   8   5   6   3   4   7   6   9   8  11  12   9  10   7   8   5   6

Q diagonal vector for K_43/38
 -3  -4  -1  -2  -5  -4  -1   0  -3  -2  -5  -6  -3  -4  -7  -6  -3  -2  -5  -4  -7  -8  -5  -6  -9  -8  -5  -4  -7  -6  -9 -10  -7  -8 -11 -10  -7  -6  -9  -8 -11 -12  -9

Q diagonal vector for K_43/41
-16 -19 -18 -15 -14 -17 -16 -13 -12 -15 -14 -11 -10 -13 -12  -9  -8 -11 -10  -7  -6  -9  -8  -5  -4  -7  -6  -3  -2  -5  -4  -1   0  -3  -2   1   2  -1   0   3   4   1   2

Q diagonal vector for K_45/1
 44  41  42  39  40  37  38  35  36  33  34  31  32  29  30  27  28  25  26  23  24  21  22  19  20  17  18  15  16  13  14  11  12   9  10   7   8   5   6   3   4   1   2  -1   0

Q diagonal vector for K_45/2
-19 -18 -21 -20 -17 -16 -19 -18 -15 -14 -17 -16 -13 -12 -15 -14 -11 -10 -13 -12  -9  -8 -11 -10  -7  -6  -9  -8  -5  -4  -7  -6  -3  -2  -5  -4  -1   0  -3  -2   1   2  -1   0   3

Q diagonal vector for K_45/7
 10   7   8   5   4   7   8   5   6   3   4   7   6   9   8   5   6   3   2   5   6   3   4   1   2   5   4   7   6   3   4   1   0   3   4   1   2  -1   0   3   2   5   4   1   2

Q diagonal vector for K_45/8
 -4  -5  -2  -3  -6  -5  -2  -1  -4  -3  -6  -7  -4  -3  -6  -5  -2  -3   0  -1  -4  -3   0   1  -2  -1  -4  -5  -2  -1  -4  -3   0  -1   2   1  -2  -1   2   3   0   1  -2  -3   0

Q diagonal vector for K_45/11
 14  11  12   9  10   7   8   5   6   3   4   1   2   5   4   7   6   9   8  11  10  13  12   9  10   7   8   5   6   3   4   1   2  -1   0   3   2   5   4   7   6   9   8  11  10

Q diagonal vector for K_45/13
  8   5   6   3   4   1   2   5   4   7   6   9  10   7   8   5   6   3   4   1   0   3   2   5   4   7   6   3   4   1   2  -1   0   3   2   5   4   7   8   5   6   3   4   1   2

Q diagonal vector for K_45/14
 -5  -4  -7  -6  -3  -4  -7  -6  -9  -8  -5  -6  -9  -8 -11 -10  -7  -6  -9 -10  -7  -8  -5  -4  -7  -8  -5  -6  -3  -2  -5  -4  -1  -2  -5  -4  -7  -6  -3  -4  -7  -6  -9  -8  -5

Q diagonal vector for K_45/16
  3   4   1   0   3   2   5   6   3   2   5   4   7   8   5   6   3   4   7   6   3   4   1   2   5   4   1   2  -1   0   3   2   5   6   3   2   5   4   7   8   5   4   7   6   9

Q diagonal vector for K_45/19
  6   3   4   7   8   5   6   3   2   5   4   1   0   3   4   1   2   5   6   3   4   1   0   3   2  -1   0   3   4   1   2   5   4   7   6   3   2   5   4   1   2   5   6   3   4

Q diagonal vector for K_45/22
 21  22  19  20  17  18  15  16  13  14  11  12   9  10   7   8   5   6   3   4   1   2  -1   0   3   2   5   4   7   6   9   8  11  10  13  12  15  14  17  16  19  18  21  20  23

Q diagonal vector for K_45/28
  0   1  -2  -1  -4  -5  -2  -3   0  -1   2   1  -2  -1  -4  -3  -6  -5  -2  -3   0  -1   2   3   0   1  -2  -1  -4  -3   0  -1   2   1  -2  -1  -4  -3  -6  -7  -4  -5  -2  -3   0

Q diagonal vector for K_45/41
 -2  -5  -4  -7  -6  -3  -4  -1   0  -3  -2  -5  -4  -1  -2   1   2  -1   0  -3  -2   1   0   3   4   1   2  -1   0   3   2   5   6   3   4   1   2   5   4   7   8   5   6   3   4

Q diagonal vector for K_47/1
 46  43  44  41  42  39  40  37  38  35  36  33  34  31  32  29  30  27  28  25  26  23  24  21  22  19  20  17  18  15  16  13  14  11  12   9  10   7   8   5   6   3   4   1   2  -1   0

Q diagonal vector for K_47/5
 10   7   8  11  12   9  10   7   6   9   8   5   6   9  10   7   8   5   4   7   6   3   4   7   8   5   6   3   2   5   4   1   2   5   6   3   4   1   0   3   2  -1   0   3   4   1   2

Q diagonal vector for K_47/7
  9   6   5   8   7   4   5   2   3   6   7   4   5   8   7   4   3   6   5   2   3   0   1   4   5   2   3   6   5   2   1   4   3   0   1  -2  -1   2   3   0   1   4   3   0  -1   2   1

Q diagonal vector for K_47/9
  6   3   4   7   8   5   6   9  10   7   8   5   4   7   6   3   2   5   4   1   2   5   6   3   4   7   8   5   6   3   2   5   4   1   0   3   2  -1   0   3   4   1   2   5   6   3   4

Q diagonal vector for K_47/10
  1   2  -1  -2   1   0   3   4   1   2  -1   0   3   2  -1   0  -3  -2   1   0   3   4   1   0   3   2   5   6   3   4   1   2   5   4   1   2  -1   0   3   2   5   6   3   2   5   4   7

Q diagonal vector for K_47/13
  2  -1  -2   1   0   3   4   1   2   5   4   1   2  -1   0   3   4   1   0   3   2  -1   0  -3  -2   1   0  -3  -4  -1  -2   1   2  -1   0   3   2  -1   0  -3  -2   1   2  -1  -2   1   0

Q diagonal vector for K_47/14
 -1   0  -3  -2  -5  -4  -1  -2   1   0  -3  -2  -5  -4  -7  -6  -3  -4  -1   0  -3  -2  -5  -6  -3  -4  -1  -2   1   2  -1   0  -3  -2   1   0   3   2  -1   0  -3  -2  -5  -4  -1  -2   1

Q diagonal vector for K_47/16
  1   0   3   2   5   4   7   6   9   8  11  10  13  12  15  16  13  14  11  12   9  10   7   8   5   6   3   4   1   2  -1   0   3   2   5   4   7   6   9   8  11  10  13  12  15  14  17

Q diagonal vector for K_47/19
 12   9  10   7   8   5   6   3   4   1   0   3   2   5   4   7   6   9  10   7   8   5   6   3   4   1   2  -1   0   3   2   5   4   7   6   9   8  11  10   7   8   5   6   3   4   1   2

Q diagonal vector for K_47/21
 10   7   8   5   6   3   2   5   4   7   8   5   6   3   4   1   0   3   2   5   6   3   4   1   2  -1   0   3   2   5   4   7   6   3   4   1   2   5   4   7   6   9   8   5   6   3   4

Q diagonal vector for K_47/22
  7   6   9  10   7   8   5   4   7   8   5   6   3   2   5   6   3   4   1   0   3   4   1   2  -1   0   3   2   5   4   1   2   5   4   7   6   3   4   7   6   9   8   5   6   9   8  11

Q diagonal vector for K_47/23
 24  21  22  19  20  17  18  15  16  13  14  11  12   9  10   7   8   5   6   3   4   1   2  -1   0   3   2   5   4   7   6   9   8  11  10  13  12  15  14  17  16  19  18  21  20  23  22

Q diagonal vector for K_47/27
 12   9  10   7   8   5   6   9   8  11  10  13  12  15  14  11  12   9  10   7   8  11  10  13  12  15  16  13  14  11  12   9  10   7   6   9   8  11  10  13  14  11  12   9  10   7   8

Q diagonal vector for K_47/29
  4   1   2  -1  -2   1   0   3   2  -1   0   3   2   5   6   3   4   1   2   5   4   7   6   3   4   1   0   3   4   1   2  -1   0   3   2   5   6   3   4   1   0   3   2   5   4   1   2

Q diagonal vector for K_47/30
  5   4   7   6   9   8   5   6   3   2   5   4   7   6   3   4   1   2   5   4   7   8   5   6   3   4   7   6   9  10   7   8   5   6   3   2   5   4   7   6   3   4   1   0   3   2   5

Q diagonal vector for K_47/32
 -8  -7 -10  -9  -6  -5  -8  -7  -4  -3  -6  -5  -2  -1  -4  -3   0  -1  -4  -5  -2  -3  -6  -7  -4  -5  -8  -9  -6  -7 -10  -9 -12 -11  -8  -7 -10  -9  -6  -5  -8  -7  -4  -3  -6  -5  -2

Q diagonal vector for K_47/35
 -7 -10  -9 -12 -11 -14 -13 -16 -15 -18 -17 -20 -19 -16 -17 -14 -15 -12 -13 -10 -11  -8  -9  -6  -5  -8  -7 -10  -9 -12 -11 -14 -13 -16 -15 -18 -17 -14 -15 -12 -13 -10 -11  -8  -9  -6  -7

Q diagonal vector for K_47/36
  3   2   5   4   1   2   5   4   7   6   3   4   7   8   5   6   3   2   5   6   3   4   1   0   3   2  -1   0   3   2   5   4   1   2   5   6   3   4   1   0   3   4   1   2  -1  -2   1

Q diagonal vector for K_47/39
 -5  -8  -7 -10  -9 -12 -11 -14 -13 -10 -11  -8  -9  -6  -7  -4  -3  -6  -5  -8  -7 -10  -9 -12 -11  -8  -9  -6  -7  -4  -5  -2  -1  -4  -3  -6  -5  -8  -7 -10  -9  -6  -7  -4  -5  -2  -3

Q diagonal vector for K_47/41
 -5  -8  -7 -10  -9 -12 -11  -8  -9  -6  -7  -4  -3  -6  -5  -8  -7 -10  -9  -6  -7  -4  -5  -2  -1  -4  -3  -6  -5  -8  -7  -4  -5  -2  -3   0   1  -2  -1  -4  -3  -6  -5  -2  -3   0  -1

Q diagonal vector for K_47/43
 -7 -10  -9 -12 -11  -8  -9  -6  -5  -8  -7 -10  -9  -6  -7  -4  -3  -6  -5  -8  -7  -4  -5  -2  -1  -4  -3  -6  -5  -2  -3   0   1  -2  -1  -4  -3   0  -1   2   3   0   1  -2  -1   2   1

Q diagonal vector for K_47/44
-14 -13 -16 -15 -12 -13 -16 -15 -18 -17 -14 -15 -18 -17 -20 -19 -16 -17 -20 -19 -22 -21 -18 -19 -22 -21 -24 -23 -20 -21 -24 -23 -26 -25 -22 -23 -26 -25 -28 -27 -24 -25 -28 -27 -30 -29 -26

Q diagonal vector for K_47/45
-18 -21 -20 -17 -16 -19 -18 -15 -14 -17 -16 -13 -12 -15 -14 -11 -10 -13 -12  -9  -8 -11 -10  -7  -6  -9  -8  -5  -4  -7  -6  -3  -2  -5  -4  -1   0  -3  -2   1   2  -1   0   3   4   1   2

Q diagonal vector for K_49/1
 48  45  46  43  44  41  42  39  40  37  38  35  36  33  34  31  32  29  30  27  28  25  26  23  24  21  22  19  20  17  18  15  16  13  14  11  12   9  10   7   8   5   6   3   4   1   2  -1   0

Q diagonal vector for K_49/2
-21 -20 -23 -22 -19 -18 -21 -20 -17 -16 -19 -18 -15 -14 -17 -16 -13 -12 -15 -14 -11 -10 -13 -12  -9  -8 -11 -10  -7  -6  -9  -8  -5  -4  -7  -6  -3  -2  -5  -4  -1   0  -3  -2   1   2  -1   0   3

Q diagonal vector for K_49/3
 18  15  16  13  14  17  16  13  14  11  12  15  14  11  12   9  10  13  12   9  10   7   8  11  10   7   8   5   6   9   8   5   6   3   4   7   6   3   4   1   2   5   4   1   2  -1   0   3   2

Q diagonal vector for K_49/4
 -7  -6  -9  -8 -11 -10  -7  -8  -5  -4  -7  -6  -9  -8  -5  -6  -3  -2  -5  -4  -7  -6  -3  -4  -1   0  -3  -2  -5  -4  -1  -2   1   2  -1   0  -3  -2   1   0   3   4   1   2  -1   0   3   2   5

Q diagonal vector for K_49/6
 -1   0  -3  -2  -5  -4  -7  -6  -3  -4  -1  -2   1   2  -1   0  -3  -2  -5  -4  -1  -2   1   0   3   4   1   2  -1   0  -3  -2   1   0   3   2   5   6   3   4   1   2  -1   0   3   2   5   4   7

Q diagonal vector for K_49/8
  3   4   1   2  -1   0  -3  -2  -5  -4  -1  -2   1   0   3   2   5   6   3   4   1   2  -1   0  -3  -2   1   0   3   2   5   4   7   8   5   6   3   4   1   2  -1   0   3   2   5   4   7   6   9

Q diagonal vector for K_49/9
  8   5   6   3   4   7   6   9  10   7   8   5   6   3   2   5   4   7   6   3   4   1   2   5   4   7   8   5   6   3   4   1   0   3   2   5   4   1   2  -1   0   3   2   5   6   3   4   1   2

Q diagonal vector for K_49/10
 -1  -2   1   0   3   2   5   4   7   8   5   6   3   4   1   2  -1   0  -3  -2   1   0   3   2   5   4   7   6   9  10   7   8   5   6   3   4   1   2  -1   0   3   2   5   4   7   6   9   8  11

Q diagonal vector for K_49/11
 10   7   8   5   6   3   2   5   4   7   8   5   6   3   4   1   2   5   4   7   6   9   8   5   6   3   4   1   0   3   2   5   6   3   4   1   2  -1   0   3   2   5   4   7   6   3   4   1   2

Q diagonal vector for K_49/12
  9  10   7   8   5   6   3   4   1   2  -1   0  -3  -2   1   0   3   2   5   4   7   6   9   8  11  12   9  10   7   8   5   6   3   4   1   2  -1   0   3   2   5   4   7   6   9   8  11  10  13

Q diagonal vector for K_49/19
  1  -2  -3   0  -1   2   3   0  -1   2   1  -2  -1  -4  -3   0  -1  -4  -3  -6  -5  -2  -1  -4  -5  -2  -3   0   1  -2  -1   2   1  -2  -1  -4  -3   0  -1  -4  -5  -2  -3   0   1  -2  -3   0  -1

Q diagonal vector for K_49/20
  0   1  -2  -1   2   3   0   1   4   5   2   1   4   3   0  -1   2   1  -2  -1  -4  -3   0   1  -2  -1   2   3   0   1   4   3   0  -1   2   1  -2  -3   0  -1   2   3   0   1   4   5   2   3   6

Q diagonal vector for K_49/22
  4   5   2   3   6   7   4   3   6   5   2   3   0   1   4   5   2   1   4   3   0   1  -2  -1   2   3   0   1   4   3   0  -1   2   1   4   5   2   3   6   5   2   1   4   3   6   7   4   5   8

Q diagonal vector for K_49/24
 23  24  21  22  19  20  17  18  15  16  13  14  11  12   9  10   7   8   5   6   3   4   1   2  -1   0   3   2   5   4   7   6   9   8  11  10  13  12  15  14  17  16  19  18  21  20  23  22  25

Q diagonal vector for K_49/26
  9   8  11  10   7   8  11  10  13  12   9  10  13  12  15  14  11  12  15  14  17  16  13  14  17  18  15  16  13  12  15  16  13  14  11  10  13  14  11  12   9   8  11  12   9  10   7   6   9

Q diagonal vector for K_49/31
  1  -2  -1   2   1   4   3   0  -1   2   3   0   1   4   3   6   5   2   3   6   7   4   5   2   1   4   3   0   1   4   5   2   3   0  -1   2   3   0   1   4   3   6   5   2   1   4   5   2   3

Q diagonal vector for K_49/32
  3   2   5   4   1   0   3   2  -1  -2   1   0  -3  -4  -1  -2  -5  -4  -1   0  -3  -2   1   2  -1   0   3   4   1   2   5   6   3   4   1   0   3   2  -1  -2   1   0  -3  -4  -1  -2  -5  -6  -3

Q diagonal vector for K_49/33
 30  27  28  25  26  23  24  21  22  19  20  17  18  15  16  13  14  17  16  19  18  21  20  23  22  25  24  27  26  29  28  31  32  29  30  27  28  25  26  23  24  21  22  19  20  17  18  15  16

Q diagonal vector for K_49/34
 -2  -3   0   1  -2  -1  -4  -3   0  -1   2   3   0   1  -2  -1   2   1   4   3   0   1  -2  -3   0  -1   2   1  -2  -1  -4  -5  -2  -1  -4  -3  -6  -5  -2  -3   0   1  -2  -1  -4  -3   0  -1   2

Q diagonal vector for K_49/36
 -2  -3   0   1  -2  -1  -4  -5  -2  -1  -4  -3  -6  -5  -2  -3   0  -1  -4  -3   0  -1   2   1  -2  -1  -4  -5  -2  -1  -4  -3  -6  -7  -4  -3  -6  -5  -8  -7  -4  -5  -2  -3  -6  -5  -2  -3   0

Q diagonal vector for K_49/44
-10  -9 -12 -11 -14 -13 -10 -11  -8  -9 -12 -11 -14 -13 -16 -15 -12 -13 -10 -11 -14 -13 -16 -15 -18 -17 -14 -15 -12 -13 -16 -15 -18 -17 -20 -19 -16 -17 -14 -15 -18 -17 -20 -19 -22 -21 -18 -19 -16

Q diagonal vector for K_51/1
 50  47  48  45  46  43  44  41  42  39  40  37  38  35  36  33  34  31  32  29  30  27  28  25  26  23  24  21  22  19  20  17  18  15  16  13  14  11  12   9  10   7   8   5   6   3   4   1   2  -1   0

Q diagonal vector for K_51/4
 -9 -10  -7  -6  -9  -8 -11 -10  -7  -8  -5  -4  -7  -6  -9  -8  -5  -6  -3  -2  -5  -4  -7  -6  -3  -4  -1   0  -3  -2  -5  -4  -1  -2   1   2  -1   0  -3  -2   1   0   3   4   1   2  -1   0   3   2   5

Q diagonal vector for K_51/5
 14  11  12   9  10   7   8  11  10  13  12   9  10   7   8   5   6   9   8  11  10   7   8   5   6   3   4   7   6   9   8   5   6   3   4   1   2   5   4   7   6   3   4   1   2  -1   0   3   2   5   4

Q diagonal vector for K_51/14
 -2  -3   0  -1   2   1  -2  -1  -4  -3   0  -1   2   3   0   1  -2  -1  -4  -5  -2  -3   0   1  -2  -1  -4  -3   0  -1   2   1   4   3   0   1  -2  -1   2   1   4   5   2   3   0   1  -2  -3   0  -1   2

Q diagonal vector for K_51/19
  9   6   7   4   5   2   1   4   3   6   5   8   7   4   5   2   3   0   1  -2  -1   2   1   4   3   6   7   4   5   2   3   0   1   4   3   6   5   8   7   4   5   2   3   0  -1   2   1   4   3   6   5

Q diagonal vector for K_51/20
  5   4   7   6   3   2   5   4   1   0   3   4   1   2   5   6   3   4   7   8   5   6   3   2   5   4   1   0   3   2  -1   0   3   4   1   2   5   6   3   4   7   6   9   8   5   4   7   6   3   2   5

Q diagonal vector for K_51/22
  3   2   5   4   7   6   9  10   7   8   5   6   3   4   1   0   3   2   5   4   7   8   5   6   3   4   1   2  -1   0   3   2   5   4   7   6   9   8   5   6   3   4   1   2   5   4   7   6   9   8  11

Q diagonal vector for K_51/25
 26  23  24  21  22  19  20  17  18  15  16  13  14  11  12   9  10   7   8   5   6   3   4   1   2  -1   0   3   2   5   4   7   6   9   8  11  10  13  12  15  14  17  16  19  18  21  20  23  22  25  24

Q diagonal vector for K_51/28
  3   4   1   2   5   4   1   0   3   2   5   6   3   4   7   6   3   2   5   4   7   8   5   6   9   8   5   6   3   4   7   8   5   4   7   6   3   4   1   2   5   6   3   2   5   4   1   2  -1   0   3

Q diagonal vector for K_51/35
  9   6   7   4   5   8   7   4   5   2   3   6   5   2   3   0   1   4   3   6   7   4   3   6   5   8   9   6   5   8   7  10  11   8   9   6   7  10   9   6   7   4   5   8   7   4   5   2   3   6   5

Q diagonal vector for K_51/38
-12 -11 -14 -13 -16 -15 -18 -17 -20 -19 -22 -21 -24 -23 -20 -21 -18 -19 -16 -17 -14 -15 -12 -13 -10 -11 -14 -13 -16 -15 -18 -17 -20 -19 -22 -21 -24 -23 -26 -25 -22 -23 -20 -21 -18 -19 -16 -17 -14 -15 -12

Q diagonal vector for K_51/40
  0   1  -2  -3   0  -1   2   1  -2  -1  -4  -3   0  -1   2   3   0   1  -2  -1   2   1  -2  -1  -4  -5  -2  -3   0  -1  -4  -3  -6  -5  -2  -3   0   1  -2  -1  -4  -3   0  -1  -4  -3  -6  -7  -4  -5  -2

Q diagonal vector for K_51/41
 16  13  14  11  12   9  10   7   8   5   6   9   8  11  10  13  12  15  14  17  18  15  16  13  14  11  12   9  10   7   8  11  10  13  12  15  14  17  16  19  20  17  18  15  16  13  14  11  12   9  10

Q diagonal vector for K_51/43
  0  -3  -2   1   0   3   2  -1   0   3   4   1   2  -1  -2   1   2  -1   0   3   2   5   4   1   2   5   6   3   4   1   0   3   4   1   2   5   4   7   6   3   4   7   8   5   6   3   2   5   6   3   4

Q diagonal vector for K_51/44
 -8  -7 -10  -9  -6  -5  -8  -7  -4  -5  -8  -9  -6  -7 -10  -9 -12 -11  -8  -7 -10  -9  -6  -7 -10 -11  -8  -9 -12 -11 -14 -13 -10  -9 -12 -11  -8  -9 -12 -13 -10 -11 -14 -13 -16 -15 -12 -11 -14 -13 -10

Q diagonal vector for K_51/49
-20 -23 -22 -19 -18 -21 -20 -17 -16 -19 -18 -15 -14 -17 -16 -13 -12 -15 -14 -11 -10 -13 -12  -9  -8 -11 -10  -7  -6  -9  -8  -5  -4  -7  -6  -3  -2  -5  -4  -1   0  -3  -2   1   2  -1   0   3   4   1   2

Q diagonal vector for K_53/1
 52  49  50  47  48  45  46  43  44  41  42  39  40  37  38  35  36  33  34  31  32  29  30  27  28  25  26  23  24  21  22  19  20  17  18  15  16  13  14  11  12   9  10   7   8   5   6   3   4   1   2  -1   0

Q diagonal vector for K_53/2
-23 -22 -25 -24 -21 -20 -23 -22 -19 -18 -21 -20 -17 -16 -19 -18 -15 -14 -17 -16 -13 -12 -15 -14 -11 -10 -13 -12  -9  -8 -11 -10  -7  -6  -9  -8  -5  -4  -7  -6  -3  -2  -5  -4  -1   0  -3  -2   1   2  -1   0   3

Q diagonal vector for K_53/6
 -5  -6  -3  -4  -1   0  -3  -2  -5  -4  -7  -6  -3  -4  -1  -2   1   2  -1   0  -3  -2  -5  -4  -1  -2   1   0   3   4   1   2  -1   0  -3  -2   1   0   3   2   5   6   3   4   1   2  -1   0   3   2   5   4   7

Q diagonal vector for K_53/11
  7   4   3   6   5   2   1   4   3   0   1  -2  -1   2   3   0   1   4   5   2   3   6   5   2   1   4   3   0  -1   2   1  -2  -1  -4  -3   0   1  -2  -1   2   3   0   1   4   3   0  -1   2   1  -2  -3   0  -1

Q diagonal vector for K_53/12
  0   1  -2  -1   2   3   0  -1   2   1  -2  -1  -4  -3   0   1  -2  -1   2   1  -2  -3   0  -1   2   3   0   1   4   5   2   1   4   3   0   1  -2  -1   2   3   0   1   4   3   0  -1   2   1   4   5   2   3   6

Q diagonal vector for K_53/13
 16  13  14  11  12   9  10   7   8   5   6   3   4   1   2   5   4   7   6   9   8  11  10  13  12  15  14  11  12   9  10   7   8   5   6   3   4   1   2  -1   0   3   2   5   4   7   6   9   8  11  10  13  12

Q diagonal vector for K_53/14
 -4  -5  -2  -3  -6  -5  -2  -3   0  -1  -4  -3   0   1  -2  -1  -4  -5  -2  -1  -4  -3  -6  -7  -4  -3  -6  -5  -2  -3   0  -1  -4  -3   0  -1   2   1  -2  -1   2   3   0   1  -2  -3   0   1  -2  -1  -4  -5  -2

Q diagonal vector for K_53/17
  4   1   2   5   6   3   4   7   8   5   6   9  10   7   8  11  12   9  10   7   6   9   8   5   4   7   6   3   2   5   4   1   0   3   2  -1   0   3   4   1   2   5   6   3   4   7   8   5   6   9  10   7   8

Q diagonal vector for K_53/18
  1   0   3   2   5   4   7   6   9   8  11  10  13  12  15  14  17  18  15  16  13  14  11  12   9  10   7   8   5   6   3   4   1   2  -1   0   3   2   5   4   7   6   9   8  11  10  13  12  15  14  17  16  19

Q diagonal vector for K_53/22
  4   5   2   3   0   1   4   3   6   7   4   5   2   1   4   3   6   5   2   3   0   1  -2  -1   2   1   4   5   2   3   0   1   4   3   6   5   2   3   0  -1   2   1   4   3   6   7   4   5   2   3   6   5   8

Q diagonal vector for K_53/25
 12   9  10   7   6   9  10   7   8   5   4   7   8   5   6   3   2   5   6   3   4   1   0   3   4   1   2  -1   0   3   2   5   4   1   2   5   4   7   6   3   4   7   6   9   8   5   6   9   8  11  10   7   8

Q diagonal vector for K_53/26
 25  26  23  24  21  22  19  20  17  18  15  16  13  14  11  12   9  10   7   8   5   6   3   4   1   2  -1   0   3   2   5   4   7   6   9   8  11  10  13  12  15  14  17  16  19  18  21  20  23  22  25  24  27

Q diagonal vector for K_53/29
 10   7   8   5   6   9   8  11  10  13  12   9  10   7   8  11  10  13  12  15  14  11  12   9  10  13  12  15  16  13  14  11  12   9   8  11  10  13  14  11  12   9  10   7   6   9   8  11  12   9  10   7   8

Q diagonal vector for K_53/30
  5   4   7   6   3   2   5   4   1   2   5   6   3   4   7   6   9   8   5   4   7   6   3   4   7   8   5   6   9  10   7   8   5   4   7   6   3   2   5   6   3   4   7   8   5   6   3   2   5   4   1   0   3

Q diagonal vector for K_53/32
 11  10  13  12  15  14  17  16  19  18  21  20  17  18  15  16  13  14  11  12   9  10  13  12  15  14  17  16  19  18  21  22  19  20  17  18  15  16  13  14  11  12   9   8  11  10  13  12  15  14  17  16  19

Q diagonal vector for K_53/33
 -4  -7  -6  -9  -8 -11 -12  -9 -10  -7  -8  -5  -6  -3  -2  -5  -4  -7  -6  -9  -8  -5  -6  -3  -4  -1  -2  -5  -4  -7  -6  -9  -8 -11 -10  -7  -8  -5  -6  -3  -2  -5  -4  -7  -6  -9 -10  -7  -8  -5  -6  -3  -4

Q diagonal vector for K_53/34
  2   3   0  -1   2   1   4   3   0   1  -2  -3   0  -1   2   1  -2  -1  -4  -3   0  -1   2   3   0   1  -2  -1   2   1   4   5   2   3   0   1   4   3   0   1  -2  -3   0  -1   2   1  -2  -1  -4  -5  -2  -3   0

Q diagonal vector for K_53/37
  3   0   1  -2  -1  -4  -3   0  -1   2   1  -2  -1  -4  -3  -6  -5  -2  -3   0  -1   2   3   0   1  -2  -3   0  -1   2   1   4   5   2   3   0   1  -2  -1   2   1   4   3   0   1  -2  -1  -4  -3   0  -1   2   1

Q diagonal vector for K_53/38
  4   3   6   5   8   7  10  11   8   9   6   7   4   5   2   3   6   5   8   7  10   9  12  11   8   9   6   7   4   5   2   1   4   3   6   5   8   9   6   7   4   5   2   3   0   1   4   3   6   5   8   7  10

Q diagonal vector for K_53/43
  3   0   1  -2  -1   2   1  -2  -1  -4  -3   0  -1   2   3   0  -1   2   1   4   5   2   3   0   1   4   3   0   1  -2  -1   2   1   4   5   2   1   4   3   6   7   4   5   2   3   6   5   2   3   0   1   4   3

Q diagonal vector for K_53/44
-10  -9 -12 -11 -14 -13 -16 -15 -18 -17 -14 -15 -12 -13 -10 -11  -8  -9 -12 -11 -14 -13 -16 -15 -18 -17 -20 -19 -16 -17 -14 -15 -12 -13 -10 -11 -14 -13 -16 -15 -18 -17 -20 -19 -22 -21 -18 -19 -16 -17 -14 -15 -12

Q diagonal vector for K_53/45
 -4  -7  -8  -5  -6  -3  -2  -5  -4  -1  -2  -5  -4  -7  -6  -3  -2  -5  -6  -3  -4  -1   0  -3  -2   1   0  -3  -2  -5  -4  -1   0  -3  -4  -1  -2   1   2  -1   0   3   2  -1   0  -3  -2   1   2  -1  -2   1   0

Q diagonal vector for K_53/46
 -4  -5  -2  -1  -4  -3  -6  -5  -2  -3   0  -1  -4  -3  -6  -7  -4  -3  -6  -5  -8  -7  -4  -5  -2  -3  -6  -5  -8  -9  -6  -5  -8  -7 -10  -9  -6  -7  -4  -5  -8  -7 -10 -11  -8  -7 -10  -9 -12 -11  -8  -9  -6

Q diagonal vector for K_53/48
 -5  -6  -3  -4  -7  -6  -3  -2  -5  -4  -7  -8  -5  -6  -9  -8  -5  -4  -7  -6  -9 -10  -7  -8 -11 -10  -7  -6  -9  -8 -11 -12  -9 -10 -13 -12  -9  -8 -11 -10 -13 -14 -11 -12 -15 -14 -11 -10 -13 -12 -15 -16 -13

Q diagonal vector for K_53/49
 -4  -7  -6  -9  -8  -5  -6  -3  -2  -5  -4  -7  -6  -3  -4  -1   0  -3  -2  -5  -4  -1  -2   1   2  -1   0  -3  -2   1   0   3   4   1   2  -1   0   3   2   5   6   3   4   1   2   5   4   7   8   5   6   3   4

Q diagonal vector for K_53/50
-16 -15 -18 -17 -14 -15 -18 -17 -20 -19 -16 -17 -20 -19 -22 -21 -18 -19 -22 -21 -24 -23 -20 -21 -24 -23 -26 -25 -22 -23 -26 -25 -28 -27 -24 -25 -28 -27 -30 -29 -26 -27 -30 -29 -32 -31 -28 -29 -32 -31 -34 -33 -30

Q diagonal vector for K_55/1
 54  51  52  49  50  47  48  45  46  43  44  41  42  39  40  37  38  35  36  33  34  31  32  29  30  27  28  25  26  23  24  21  22  19  20  17  18  15  16  13  14  11  12   9  10   7   8   5   6   3   4   1   2  -1   0

Q diagonal vector for K_55/3
 20  17  18  15  16  19  18  15  16  13  14  17  16  13  14  11  12  15  14  11  12   9  10  13  12   9  10   7   8  11  10   7   8   5   6   9   8   5   6   3   4   7   6   3   4   1   2   5   4   1   2  -1   0   3   2

Q diagonal vector for K_55/8
 -3  -4  -1  -2   1   0   3   4   1   2  -1   0  -3  -2  -5  -4  -1  -2   1   0   3   2   5   6   3   4   1   2  -1   0  -3  -2   1   0   3   2   5   4   7   8   5   6   3   4   1   2  -1   0   3   2   5   4   7   6   9

Q diagonal vector for K_55/9
 14  11  12   9  10   7   8   5   6   3   4   7   6   9   8  11  10  13  12   9  10   7   8   5   6   3   4   1   2   5   4   7   6   9   8  11  10   7   8   5   6   3   4   1   2  -1   0   3   2   5   4   7   6   9   8

Q diagonal vector for K_55/12
  1   0   3   2  -1  -2   1   2  -1   0   3   4   1   2  -1  -2   1   0  -3  -2   1   2  -1   0   3   2   5   4   1   0   3   4   1   2   5   6   3   4   1   0   3   2  -1   0   3   4   1   2   5   4   7   6   3   2   5

Q diagonal vector for K_55/13
 10   7   8   5   4   7   8   5   6   3   2   5   6   3   4   1   2   5   4   7   6   3   4   7   6   9   8   5   6   3   2   5   6   3   4   1   0   3   4   1   2  -1   0   3   2   5   4   1   2   5   4   7   6   3   4

Q diagonal vector for K_55/16
 -5  -4  -7  -6  -3  -2  -5  -4  -1  -2  -5  -6  -3  -4  -7  -6  -9  -8  -5  -4  -7  -6  -3  -2  -5  -6  -3  -4  -7  -8  -5  -6  -3  -2  -5  -4  -1   0  -3  -2   1   0  -3  -4  -1  -2  -5  -4  -7  -6  -3  -2  -5  -4  -1

Q diagonal vector for K_55/17
  6   3   4   1   2   5   4   7   8   5   6   3   4   7   6   9  10   7   8   5   6   3   2   5   4   7   6   3   4   1   0   3   2   5   4   1   2  -1   0   3   2   5   6   3   4   1   2   5   4   7   8   5   6   3   4

Q diagonal vector for K_55/19
  5   2   1   4   3   0  -1   2   1  -2  -3   0  -1  -4  -5  -2  -3  -6  -5  -8  -7  -4  -3  -6  -5  -2  -1  -4  -3   0   1  -2  -1   2   3   0   1   4   3   0  -1   2   1  -2  -3   0  -1  -4  -5  -2  -3  -6  -7  -4  -5

Q diagonal vector for K_55/21
  2  -1   0   3   2   5   4   1   0   3   4   1   2  -1  -2   1   0  -3  -2   1   2  -1   0  -3  -4  -1   0  -3  -2   1   0   3   2  -1   0   3   4   1   2  -1  -2   1   0  -3  -2   1   0   3   2  -1  -2   1   2  -1   0

Q diagonal vector for K_55/24
  5   6   3   2   5   4   7   8   5   6   3   4   7   6   3   4   1   0   3   2   5   6   3   4   1   2   5   4   1   2  -1   0   3   2   5   6   3   2   5   4   7   6   3   4   1   2   5   4   7   8   5   4   7   6   9

Q diagonal vector for K_55/27
 28  25  26  23  24  21  22  19  20  17  18  15  16  13  14  11  12   9  10   7   8   5   6   3   4   1   2  -1   0   3   2   5   4   7   6   9   8  11  10  13  12  15  14  17  16  19  18  21  20  23  22  25  24  27  26

Q diagonal vector for K_55/29
 10   7   8  11  10  13  12   9  10  13  12  15  14  11  12  15  14  17  16  13  14  17  16  19  18  15  16  19  20  17  18  15  14  17  18  15  16  13  12  15  16  13  14  11  10  13  14  11  12   9   8  11  12   9  10

Q diagonal vector for K_55/32
 -1   0  -3  -2  -5  -4  -1  -2   1   0  -3  -2  -5  -6  -3  -4  -1  -2   1   2  -1   0  -3  -2   1   0   3   2  -1   0  -3  -2  -5  -4  -1  -2   1   2  -1   0  -3  -4  -1  -2   1   0  -3  -2  -5  -4  -7  -6  -3  -4  -1

Q diagonal vector for K_55/37
 34  31  32  29  30  27  28  25  26  23  24  21  22  19  20  17  18  15  16  19  18  21  20  23  22  25  24  27  26  29  28  31  30  33  32  35  36  33  34  31  32  29  30  27  28  25  26  23  24  21  22  19  20  17  18

Q diagonal vector for K_55/41
 -9 -12 -11 -14 -13 -16 -15 -18 -17 -20 -19 -22 -21 -24 -23 -20 -21 -18 -19 -16 -17 -14 -15 -12 -13 -10 -11  -8  -7 -10  -9 -12 -11 -14 -13 -16 -15 -18 -17 -20 -19 -22 -21 -18 -19 -16 -17 -14 -15 -12 -13 -10 -11  -8  -9

Q diagonal vector for K_55/48
-10  -9 -12 -11 -14 -13 -16 -15 -12 -13 -10 -11  -8  -9 -12 -11 -14 -13 -16 -15 -18 -17 -14 -15 -12 -13 -10 -11 -14 -13 -16 -15 -18 -17 -20 -19 -16 -17 -14 -15 -12 -13 -16 -15 -18 -17 -20 -19 -22 -21 -18 -19 -16 -17 -14

Q diagonal vector for K_55/49
  4   1   2  -1   0  -3  -2   1   0   3   2   5   6   3   4   1   2  -1   0   3   2   5   4   7   8   5   6   3   4   1   2   5   4   7   6   9  10   7   8   5   6   3   4   7   6   9   8  11  12   9  10   7   8   5   6

Q diagonal vector for K_55/51
 -9 -12 -11 -14 -13 -10 -11  -8  -7 -10  -9 -12 -11  -8  -9  -6  -5  -8  -7 -10  -9  -6  -7  -4  -3  -6  -5  -8  -7  -4  -5  -2  -1  -4  -3  -6  -5  -2  -3   0   1  -2  -1  -4  -3   0  -1   2   3   0   1  -2  -1   2   1

Q diagonal vector for K_55/53
-22 -25 -24 -21 -20 -23 -22 -19 -18 -21 -20 -17 -16 -19 -18 -15 -14 -17 -16 -13 -12 -15 -14 -11 -10 -13 -12  -9  -8 -11 -10  -7  -6  -9  -8  -5  -4  -7  -6  -3  -2  -5  -4  -1   0  -3  -2   1   2  -1   0   3   4   1   2

Q diagonal vector for K_57/1
 56  53  54  51  52  49  50  47  48  45  46  43  44  41  42  39  40  37  38  35  36  33  34  31  32  29  30  27  28  25  26  23  24  21  22  19  20  17  18  15  16  13  14  11  12   9  10   7   8   5   6   3   4   1   2  -1   0

Q diagonal vector for K_57/2
-25 -24 -27 -26 -23 -22 -25 -24 -21 -20 -23 -22 -19 -18 -21 -20 -17 -16 -19 -18 -15 -14 -17 -16 -13 -12 -15 -14 -11 -10 -13 -12  -9  -8 -11 -10  -7  -6  -9  -8  -5  -4  -7  -6  -3  -2  -5  -4  -1   0  -3  -2   1   2  -1   0   3

Q diagonal vector for K_57/4
 -9  -8 -11 -10 -13 -12  -9 -10  -7  -6  -9  -8 -11 -10  -7  -8  -5  -4  -7  -6  -9  -8  -5  -6  -3  -2  -5  -4  -7  -6  -3  -4  -1   0  -3  -2  -5  -4  -1  -2   1   2  -1   0  -3  -2   1   0   3   4   1   2  -1   0   3   2   5

Q diagonal vector for K_57/5
 12   9  10  13  14  11  12   9   8  11  10   7   8  11  12   9  10   7   6   9   8   5   6   9  10   7   8   5   4   7   6   3   4   7   8   5   6   3   2   5   4   1   2   5   6   3   4   1   0   3   2  -1   0   3   4   1   2

Q diagonal vector for K_57/7
 14  11  12   9  10   7   8   5   6   9   8  11  10  13  12   9  10   7   8   5   6   3   4   7   6   9   8  11  10   7   8   5   6   3   4   1   2   5   4   7   6   9   8   5   6   3   4   1   2  -1   0   3   2   5   4   7   6

Q diagonal vector for K_57/14
 11  12   9  10   7   8   5   6   3   4   1   2  -1   0  -3  -2   1   0   3   2   5   4   7   6   9   8  11  10  13  14  11  12   9  10   7   8   5   6   3   4   1   2  -1   0   3   2   5   4   7   6   9   8  11  10  13  12  15

Q diagonal vector for K_57/16
  0  -1   2   1  -2  -3   0  -1  -4  -3   0   1  -2  -1   2   3   0   1  -2  -3   0  -1  -4  -5  -2  -1  -4  -3   0   1  -2  -1   2   1   4   3   0  -1   2   1  -2  -1   2   3   0   1   4   5   2   3   0  -1   2   1  -2  -3   0

Q diagonal vector for K_57/17
  8   5   6   3   4   1   2   5   4   7   6   9  10   7   8   5   6   3   4   7   6   9   8   5   6   3   4   1   0   3   2   5   4   7   6   3   4   1   2  -1   0   3   2   5   4   7   8   5   6   3   4   1   2   5   4   7   6

Q diagonal vector for K_57/22
  3   2   5   4   7   6   3   4   1   0   3   2   5   6   3   4   1   2   5   4   7   8   5   6   3   4   1   0   3   2   5   4   1   2  -1   0   3   2   5   6   3   4   1   2   5   4   7   6   9   8   5   6   3   2   5   4   7

Q diagonal vector for K_57/23
 14  11  12   9  10   7   8   5   6   3   4   1   0   3   2   5   4   7   6   9   8  11  12   9  10   7   8   5   6   3   4   1   2  -1   0   3   2   5   4   7   6   9   8  11  10  13  12   9  10   7   8   5   6   3   4   1   2

Q diagonal vector for K_57/26
  5   4   7   6   9  10   7   8   5   6   3   2   5   4   7   8   5   6   3   4   1   0   3   2   5   6   3   4   1   2  -1   0   3   2   5   4   7   6   3   4   1   2   5   4   7   6   9   8   5   6   3   4   7   6   9   8  11

Q diagonal vector for K_57/28
 27  28  25  26  23  24  21  22  19  20  17  18  15  16  13  14  11  12   9  10   7   8   5   6   3   4   1   2  -1   0   3   2   5   4   7   6   9   8  11  10  13  12  15  14  17  16  19  18  21  20  23  22  25  24  27  26  29

Q diagonal vector for K_57/32
  4   5   2   1   4   3   6   5   2   3   0   1   4   3   6   7   4   3   6   5   8   7   4   5   2   3   6   5   8   9   6   7   4   5   8   7   4   5   2   1   4   3   6   7   4   5   2   3   6   5   2   3   0  -1   2   1   4

Q diagonal vector for K_57/37
 -8 -11 -12  -9 -10  -7  -6  -9 -10  -7  -8  -5  -4  -7  -8  -5  -6  -3  -2  -5  -4  -1  -2  -5  -4  -7  -6  -3  -4  -7  -6  -9  -8  -5  -6  -9  -8 -11 -10  -7  -6  -9 -10  -7  -8  -5  -4  -7  -8  -5  -6  -3  -2  -5  -6  -3  -4

Q diagonal vector for K_57/44
 -1   0  -3  -2   1   0  -3  -4  -1  -2   1   2  -1   0   3   2  -1   0  -3  -2   1   2  -1  -2   1   0  -3  -2  -5  -4  -1  -2  -5  -6  -3  -4  -1   0  -3  -2   1   0  -3  -2  -5  -4  -1   0  -3  -4  -1  -2  -5  -4  -7  -6  -3

Q diagonal vector for K_57/46
 -8  -7 -10  -9  -6  -5  -8  -7  -4  -3  -6  -5  -2  -3  -6  -7  -4  -5  -8  -9  -6  -7 -10  -9 -12 -11  -8  -7 -10  -9  -6  -5  -8  -7  -4  -5  -8  -9  -6  -7 -10 -11  -8  -9 -12 -11 -14 -13 -10  -9 -12 -11  -8  -7 -10  -9  -6

Q diagonal vector for K_57/47
  3   0   1  -2  -3   0   1  -2  -1  -4  -3   0  -1   2   1  -2  -1   2   1   4   5   2   3   0  -1   2   3   0   1  -2  -1   2   1   4   3   0   1   4   3   6   7   4   5   2   1   4   5   2   3   0   1   4   3   6   5   2   3

Q diagonal vector for K_57/49
 10   7   8   5   6   3   4   1   2   5   4   7   6   9   8  11  12   9  10   7   8   5   6   3   4   7   6   9   8  11  10  13  14  11  12   9  10   7   8   5   6   9   8  11  10  13  12  15  16  13  14  11  12   9  10   7   8

Q diagonal vector for K_59/1
 58  55  56  53  54  51  52  49  50  47  48  45  46  43  44  41  42  39  40  37  38  35  36  33  34  31  32  29  30  27  28  25  26  23  24  21  22  19  20  17  18  15  16  13  14  11  12   9  10   7   8   5   6   3   4   1   2  -1   0

Q diagonal vector for K_59/4
-11 -12  -9  -8 -11 -10 -13 -12  -9 -10  -7  -6  -9  -8 -11 -10  -7  -8  -5  -4  -7  -6  -9  -8  -5  -6  -3  -2  -5  -4  -7  -6  -3  -4  -1   0  -3  -2  -5  -4  -1  -2   1   2  -1   0  -3  -2   1   0   3   4   1   2  -1   0   3   2   5

Q diagonal vector for K_59/7
 12   9  10   7   6   9  10   7   8   5   6   9   8  11  10   7   8   5   4   7   8   5   6   3   4   7   6   9   8   5   6   3   2   5   6   3   4   1   2   5   4   7   6   3   4   1   0   3   4   1   2  -1   0   3   2   5   4   1   2

Q diagonal vector for K_59/8
 -7  -6  -9  -8  -5  -6  -9  -8 -11 -10  -7  -6  -9 -10  -7  -8  -5  -4  -7  -6  -3  -4  -7  -6  -9  -8  -5  -4  -7  -8  -5  -6  -3  -2  -5  -4  -1  -2  -5  -4  -7  -6  -3  -2  -5  -6  -3  -4  -1   0  -3  -2   1   0  -3  -2  -5  -4  -1

Q diagonal vector for K_59/11
  8   5   6   3   4   7   6   9  10   7   8   5   6   9   8   5   6   3   2   5   4   7   6   3   4   1   2   5   4   7   8   5   6   3   4   7   6   3   4   1   0   3   2   5   4   1   2  -1   0   3   2   5   6   3   4   1   2   5   4

Q diagonal vector for K_59/12
 -1  -2   1   0   3   2   5   4   7   6   9  10   7   8   5   6   3   4   1   2  -1   0  -3  -2   1   0   3   2   5   4   7   6   9   8  11  12   9  10   7   8   5   6   3   4   1   2  -1   0   3   2   5   4   7   6   9   8  11  10  13

Q diagonal vector for K_59/17
 10   7   8   5   6   3   4   1   2   5   4   7   6   9   8  11  12   9  10   7   8   5   6   3   4   1   0   3   2   5   4   7   6   9   8   5   6   3   4   1   2  -1   0   3   2   5   4   7   6   9  10   7   8   5   6   3   4   1   2

Q diagonal vector for K_59/18
 -4  -5  -2  -3  -6  -5  -2  -1  -4  -3  -6  -7  -4  -5  -8  -7  -4  -3  -6  -5  -8  -9  -6  -5  -8  -7  -4  -5  -2  -3  -6  -7  -4  -3  -6  -5  -2  -3   0  -1  -4  -3   0   1  -2  -1  -4  -5  -2  -3  -6  -5  -2  -1  -4  -3  -6  -7  -4

Q diagonal vector for K_59/20
  1   0   3   2   5   4   7   6   9   8  11  10  13  12  15  14  17  16  19  20  17  18  15  16  13  14  11  12   9  10   7   8   5   6   3   4   1   2  -1   0   3   2   5   4   7   6   9   8  11  10  13  12  15  14  17  16  19  18  21

Q diagonal vector for K_59/21
  7   4   5   2   1   4   3   6   5   2   3   0  -1   2   1   4   3   0   1  -2  -1  -4  -3   0  -1   2   3   0   1  -2  -1   2   1   4   5   2   3   0   1   4   3   6   5   2   3   0  -1   2   1   4   3   0   1  -2  -3   0  -1   2   1

Q diagonal vector for K_59/22
  7   8   5   6   3   4   1   0   3   2   5   4   7   6   9  10   7   8   5   6   3   4   1   2   5   4   7   6   9   8   5   6   3   4   1   2  -1   0   3   2   5   4   7   6   9  10   7   8   5   6   3   2   5   4   7   6   9   8  11

Q diagonal vector for K_59/26
  5   4   7   6   3   2   5   6   3   4   7   8   5   6   3   2   5   4   1   0   3   4   1   2   5   6   3   4   1   0   3   2  -1   0   3   4   1   2   5   4   7   6   3   2   5   4   1   2   5   6   3   4   7   6   9   8   5   4   7

Q diagonal vector for K_59/27
  9   6   5   8   7   4   5   2   3   6   7   4   3   6   5   2   3   0   1   4   5   2   1   4   3   0   1  -2  -1   2   3   0   1   4   3   0  -1   2   1   4   5   2   3   6   5   2   1   4   3   6   7   4   5   8   7   4   3   6   5

Q diagonal vector for K_59/28
  9   8  11  12   9  10   7   6   9  10   7   8   5   4   7   8   5   6   3   2   5   6   3   4   1   0   3   4   1   2  -1   0   3   2   5   4   1   2   5   4   7   6   3   4   7   6   9   8   5   6   9   8  11  10   7   8  11  10  13

Q diagonal vector for K_59/29
 30  27  28  25  26  23  24  21  22  19  20  17  18  15  16  13  14  11  12   9  10   7   8   5   6   3   4   1   2  -1   0   3   2   5   4   7   6   9   8  11  10  13  12  15  14  17  16  19  18  21  20  23  22  25  24  27  26  29  28

Q diagonal vector for K_59/34
 -1   0  -3  -2   1   2  -1   0   3   2  -1  -2   1   0  -3  -4  -1  -2   1   2  -1   0   3   4   1   2   5   4   1   0   3   2  -1   0  -3  -2   1   2  -1   0   3   4   1   0   3   2  -1  -2   1   0  -3  -2  -5  -4  -1   0  -3  -2   1

Q diagonal vector for K_59/35
  0  -3  -2   1   2  -1   0   3   4   1   2   5   4   7   6   3   2   5   4   1   0   3   2  -1   0   3   4   1   2   5   6   3   4   7   8   5   6   3   2   5   4   1   0   3   2  -1  -2   1   2  -1   0   3   4   1   2   5   6   3   4

Q diagonal vector for K_59/36
  4   5   2   1   4   3   6   7   4   3   6   5   8   7   4   5   2   3   6   5   2   3   0   1   4   3   6   7   4   3   6   5   8   9   6   7   4   5   8   7   4   5   2   3   6   5   2   3   0  -1   2   1   4   5   2   1   4   3   6

Q diagonal vector for K_59/40
-10  -9 -12 -11  -8  -7 -10  -9  -6  -5  -8  -7  -4  -3  -6  -5  -2  -1  -4  -3   0  -1  -4  -5  -2  -3  -6  -7  -4  -5  -8  -9  -6  -7 -10 -11  -8  -9 -12 -11 -14 -13 -10  -9 -12 -11  -8  -7 -10  -9  -6  -5  -8  -7  -4  -3  -6  -5  -2

Q diagonal vector for K_59/43
  9   6   7   4   5   2   1   4   3   6   7   4   5   2   3   0   1   4   3   6   5   8   7   4   5   2   3   6   5   8   7  10  11   8   9   6   7   4   3   6   5   8   9   6   7   4   5   2   3   6   5   8   7  10   9   6   7   4   5

Q diagonal vector for K_59/44
-14 -13 -16 -15 -18 -17 -20 -19 -22 -21 -24 -23 -26 -25 -28 -27 -24 -25 -22 -23 -20 -21 -18 -19 -16 -17 -14 -15 -12 -13 -16 -15 -18 -17 -20 -19 -22 -21 -24 -23 -26 -25 -28 -27 -30 -29 -26 -27 -24 -25 -22 -23 -20 -21 -18 -19 -16 -17 -14

Q diagonal vector for K_59/45
  4   1   2   5   4   7   6   3   4   7   6   9   8   5   6   9  10   7   8   5   4   7   8   5   6   3   2   5   6   3   4   7   6   9   8   5   6   9   8  11  10   7   8  11  12   9  10   7   6   9  10   7   8   5   4   7   8   5   6

Q diagonal vector for K_59/46
  5   4   7   6   9   8  11  10   7   8   5   6   3   4   7   6   9   8  11  12   9  10   7   8   5   6   3   2   5   4   7   6   9   8   5   6   3   4   1   2   5   4   7   6   9  10   7   8   5   6   3   4   1   0   3   2   5   4   7

Q diagonal vector for K_59/49
 -7 -10  -9 -12 -11 -14 -13 -16 -15 -18 -17 -14 -15 -12 -13 -10 -11  -8  -9  -6  -5  -8  -7 -10  -9 -12 -11 -14 -13 -16 -15 -12 -13 -10 -11  -8  -9  -6  -7  -4  -3  -6  -5  -8  -7 -10  -9 -12 -11 -14 -13 -10 -11  -8  -9  -6  -7  -4  -5

Q diagonal vector for K_59/50
  1   0   3   2   5   4   1   2  -1   0   3   2   5   6   3   4   1   2  -1  -2   1   0   3   2  -1   0  -3  -2   1   0   3   4   1   2  -1   0  -3  -4  -1  -2   1   0  -3  -2  -5  -4  -1  -2   1   2  -1   0  -3  -2  -5  -6  -3  -4  -1

Q diagonal vector for K_59/53
 -7 -10  -9 -12 -11 -14 -13 -10 -11  -8  -9  -6  -5  -8  -7 -10  -9 -12 -11  -8  -9  -6  -7  -4  -3  -6  -5  -8  -7 -10  -9  -6  -7  -4  -5  -2  -1  -4  -3  -6  -5  -8  -7  -4  -5  -2  -3   0   1  -2  -1  -4  -3  -6  -5  -2  -3   0  -1

Q diagonal vector for K_59/54
-12 -11 -14 -13 -16 -15 -12 -13 -10 -11 -14 -13 -16 -15 -18 -17 -14 -15 -12 -13 -16 -15 -18 -17 -20 -19 -16 -17 -14 -15 -18 -17 -20 -19 -22 -21 -18 -19 -16 -17 -20 -19 -22 -21 -24 -23 -20 -21 -18 -19 -22 -21 -24 -23 -26 -25 -22 -23 -20

Q diagonal vector for K_59/56
-18 -17 -20 -19 -16 -17 -20 -19 -22 -21 -18 -19 -22 -21 -24 -23 -20 -21 -24 -23 -26 -25 -22 -23 -26 -25 -28 -27 -24 -25 -28 -27 -30 -29 -26 -27 -30 -29 -32 -31 -28 -29 -32 -31 -34 -33 -30 -31 -34 -33 -36 -35 -32 -33 -36 -35 -38 -37 -34

Q diagonal vector for K_59/57
-24 -27 -26 -23 -22 -25 -24 -21 -20 -23 -22 -19 -18 -21 -20 -17 -16 -19 -18 -15 -14 -17 -16 -13 -12 -15 -14 -11 -10 -13 -12  -9  -8 -11 -10  -7  -6  -9  -8  -5  -4  -7  -6  -3  -2  -5  -4  -1   0  -3  -2   1   2  -1   0   3   4   1   2

Q diagonal vector for K_61/1
 60  57  58  55  56  53  54  51  52  49  50  47  48  45  46  43  44  41  42  39  40  37  38  35  36  33  34  31  32  29  30  27  28  25  26  23  24  21  22  19  20  17  18  15  16  13  14  11  12   9  10   7   8   5   6   3   4   1   2  -1   0

Q diagonal vector for K_61/2
-27 -26 -29 -28 -25 -24 -27 -26 -23 -22 -25 -24 -21 -20 -23 -22 -19 -18 -21 -20 -17 -16 -19 -18 -15 -14 -17 -16 -13 -12 -15 -14 -11 -10 -13 -12  -9  -8 -11 -10  -7  -6  -9  -8  -5  -4  -7  -6  -3  -2  -5  -4  -1   0  -3  -2   1   2  -1   0   3

Q diagonal vector for K_61/3
 22  19  20  17  18  21  20  17  18  15  16  19  18  15  16  13  14  17  16  13  14  11  12  15  14  11  12   9  10  13  12   9  10   7   8  11  10   7   8   5   6   9   8   5   6   3   4   7   6   3   4   1   2   5   4   1   2  -1   0   3   2

Q diagonal vector for K_61/5
 16  13  14  11  12   9  10  13  12  15  14  11  12   9  10   7   8  11  10  13  12   9  10   7   8   5   6   9   8  11  10   7   8   5   6   3   4   7   6   9   8   5   6   3   4   1   2   5   4   7   6   3   4   1   2  -1   0   3   2   5   4

Q diagonal vector for K_61/6
 -3  -2  -5  -4  -7  -6  -9  -8  -5  -6  -3  -4  -1   0  -3  -2  -5  -4  -7  -6  -3  -4  -1  -2   1   2  -1   0  -3  -2  -5  -4  -1  -2   1   0   3   4   1   2  -1   0  -3  -2   1   0   3   2   5   6   3   4   1   2  -1   0   3   2   5   4   7

Q diagonal vector for K_61/7
 11   8   7  10   9   6   7   4   5   8   9   6   7  10   9   6   5   8   7   4   5   2   3   6   7   4   5   8   7   4   3   6   5   2   3   0   1   4   5   2   3   6   5   2   1   4   3   0   1  -2  -1   2   3   0   1   4   3   0  -1   2   1

Q diagonal vector for K_61/8
 -6  -7  -4  -5  -8  -7  -4  -3  -6  -5  -8  -9  -6  -5  -8  -7  -4  -5  -2  -3  -6  -5  -2  -1  -4  -3  -6  -7  -4  -3  -6  -5  -2  -3   0  -1  -4  -3   0   1  -2  -1  -4  -5  -2  -1  -4  -3   0  -1   2   1  -2  -1   2   3   0   1  -2  -3   0

Q diagonal vector for K_61/10
  5   6   3   4   1   2  -1   0  -3  -2  -5  -4  -1  -2   1   0   3   2   5   4   7   8   5   6   3   4   1   2  -1   0  -3  -2   1   0   3   2   5   4   7   6   9  10   7   8   5   6   3   4   1   2  -1   0   3   2   5   4   7   6   9   8  11

Q diagonal vector for K_61/13
  9   6   7   4   3   6   5   8   7   4   5   2   3   0   1   4   3   6   7   4   5   2   3   6   5   8   7   4   5   2   1   4   3   6   5   2   3   0   1  -2  -1   2   1   4   5   2   3   0   1   4   3   6   5   2   3   0  -1   2   1   4   3

Q diagonal vector for K_61/15
 18  15  16  13  14  11  12   9  10   7   8   5   6   3   4   1   2   5   4   7   6   9   8  11  10  13  12  15  14  17  16  13  14  11  12   9  10   7   8   5   6   3   4   1   2  -1   0   3   2   5   4   7   6   9   8  11  10  13  12  15  14

Q diagonal vector for K_61/18
 -3  -4  -1   0  -3  -2  -5  -4  -1  -2   1   0  -3  -2  -5  -6  -3  -2  -5  -4  -7  -6  -3  -4  -1   0  -3  -2  -5  -6  -3  -4  -1  -2  -5  -4  -1  -2   1   2  -1   0  -3  -2   1   0   3   2  -1   0  -3  -4  -1   0  -3  -2  -5  -4  -1  -2   1

Q diagonal vector for K_61/19
  6   3   4   1   2   5   4   7   8   5   6   3   4   7   6   9  10   7   8   5   6   9   8   5   6   3   2   5   4   7   6   3   4   1   0   3   2   5   4   1   2  -1   0   3   2   5   6   3   4   1   2   5   4   7   8   5   6   3   4   7   6

Q diagonal vector for K_61/22
  3   2   5   4   1   0   3   4   1   2   5   4   7   6   3   2   5   6   3   4   7   8   5   6   3   2   5   4   1   2   5   6   3   4   1   0   3   2  -1   0   3   4   1   2   5   4   7   6   3   2   5   6   3   4   7   6   9   8   5   4   7

Q diagonal vector for K_61/30
 29  30  27  28  25  26  23  24  21  22  19  20  17  18  15  16  13  14  11  12   9  10   7   8   5   6   3   4   1   2  -1   0   3   2   5   4   7   6   9   8  11  10  13  12  15  14  17  16  19  18  21  20  23  22  25  24  27  26  29  28  31

Q diagonal vector for K_61/32
 11  10  13  12   9  10  13  12  15  14  11  12  15  14  17  16  13  14  17  16  19  18  15  16  19  18  21  20  17  18  21  22  19  20  17  16  19  20  17  18  15  14  17  18  15  16  13  12  15  16  13  14  11  10  13  14  11  12   9   8  11

Q diagonal vector for K_61/33
  4   1   0   3   2   5   6   3   4   7   6   3   2   5   4   7   8   5   6   9   8   5   4   7   6   9  10   7   8  11  10   7   8   5   6   9  10   7   6   9   8   5   6   3   4   7   8   5   4   7   6   3   4   1   2   5   6   3   2   5   4

Q diagonal vector for K_61/34
  9   8  11  10  13  12  15  14  11  12   9  10   7   8  11  10  13  12  15  14  17  16  13  14  11  12   9  10  13  12  15  14  17  18  15  16  13  14  11  12   9   8  11  10  13  12  15  16  13  14  11  12   9  10   7   6   9   8  11  10  13

Q diagonal vector for K_61/35
 16  13  14  11  12   9  10   7   8  11  10  13  12  15  14  17  16  19  18  15  16  13  14  11  12   9  10  13  12  15  14  17  16  19  20  17  18  15  16  13  14  11  12   9   8  11  10  13  12  15  14  17  18  15  16  13  14  11  12   9  10

Q diagonal vector for K_61/36
 -1   0  -3  -2   1   0  -3  -2  -5  -4  -1  -2  -5  -6  -3  -4  -1   0  -3  -4  -1  -2   1   2  -1   0   3   2  -1   0  -3  -2   1   0  -3  -2  -5  -4  -1   0  -3  -4  -1  -2   1   2  -1  -2   1   0  -3  -2  -5  -4  -1  -2  -5  -4  -7  -6  -3

Q diagonal vector for K_61/37
  0  -3  -4  -1  -2  -5  -6  -3  -4  -7  -8  -5  -6  -3  -2  -5  -4  -1   0  -3  -2   1   2  -1   0   3   2  -1  -2   1   0  -3  -4  -1  -2  -5  -4  -7  -6  -3  -2  -5  -4  -1   0  -3  -2   1   2  -1  -2   1   0  -3  -4  -1  -2  -5  -6  -3  -4

Q diagonal vector for K_61/38
 -2  -1  -4  -3  -6  -5  -8  -9  -6  -7  -4  -5  -2  -3   0  -1  -4  -3  -6  -5  -8  -7 -10  -9  -6  -7  -4  -5  -2  -3   0   1  -2  -1  -4  -3  -6  -5  -8  -7  -4  -5  -2  -3   0  -1  -4  -3  -6  -5  -8  -7 -10 -11  -8  -9  -6  -7  -4  -5  -2

Q diagonal vector for K_61/40
  3   2   5   4   1   0   3   2  -1  -2   1   0  -3  -4  -1  -2  -5  -6  -3  -4  -7  -6  -3  -2  -5  -4  -1   0  -3  -2   1   2  -1   0   3   4   1   2   5   6   3   4   1   0   3   2  -1  -2   1   0  -3  -4  -1  -2  -5  -6  -3  -4  -7  -8  -5

Q diagonal vector for K_61/41
 38  35  36  33  34  31  32  29  30  27  28  25  26  23  24  21  22  19  20  17  18  21  20  23  22  25  24  27  26  29  28  31  30  33  32  35  34  37  36  39  40  37  38  35  36  33  34  31  32  29  30  27  28  25  26  23  24  21  22  19  20

Q diagonal vector for K_61/44
 -1   0  -3  -4  -1  -2   1   2  -1   0  -3  -2   1   0  -3  -2  -5  -4  -1  -2   1   2  -1  -2   1   0   3   2  -1   0  -3  -2   1   0  -3  -2  -5  -6  -3  -4  -1   0  -3  -2  -5  -4  -1  -2  -5  -4  -7  -6  -3  -4  -1   0  -3  -4  -1  -2   1

Q diagonal vector for K_61/45
  3   0   1  -2  -3   0   1  -2  -1  -4  -5  -2  -1  -4  -3  -6  -5  -2  -3   0  -1  -4  -3   0  -1   2   1  -2  -1   2   1   4   5   2   3   0  -1   2   3   0   1  -2  -3   0   1  -2  -1  -4  -3   0  -1   2   1  -2  -1   2   1   4   3   0   1

Q diagonal vector for K_61/47
  6   3   4   1   2   5   4   7   6   9   8   5   6   3   4   7   6   9  10   7   8   5   6   3   2   5   4   7   8   5   6   3   4   7   6   9   8  11  10   7   8   5   6   9   8  11  12   9  10   7   8   5   4   7   6   9  10   7   8   5   6

Q diagonal vector for K_61/49
 20  17  18  15  16  13  14  11  12   9  10   7   8  11  10  13  12  15  14  17  16  19  18  21  22  19  20  17  18  15  16  13  14  11  12   9  10  13  12  15  14  17  16  19  18  21  20  23  24  21  22  19  20  17  18  15  16  13  14  11  12

Q diagonal vector for K_61/50
  0  -1   2   1   4   5   2   3   0   1  -2  -1   2   1   4   3   6   5   2   3   0   1  -2  -3   0  -1   2   3   0   1  -2  -1  -4  -3   0  -1   2   1   4   3   0   1  -2  -1  -4  -5  -2  -3   0   1  -2  -1  -4  -3  -6  -5  -2  -3   0  -1   2

Q diagonal vector for K_61/52
 -1  -2   1   0  -3  -4  -1  -2  -5  -4  -1   0  -3  -2   1   2  -1   0  -3  -4  -1  -2  -5  -6  -3  -4  -7  -6  -3  -2  -5  -4  -1   0  -3  -2  -5  -6  -3  -4  -7  -8  -5  -6  -9  -8  -5  -4  -7  -6  -3  -2  -5  -4  -7  -8  -5  -6  -9 -10  -7

Q diagonal vector for K_61/57
 -6  -9  -8 -11 -10  -7  -8  -5  -4  -7  -6  -9  -8  -5  -6  -3  -2  -5  -4  -7  -6  -3  -4  -1   0  -3  -2  -5  -4  -1  -2   1   2  -1   0  -3  -2   1   0   3   4   1   2  -1   0   3   2   5   6   3   4   1   2   5   4   7   8   5   6   3   4

Q diagonal vector for K_63/1
 62  59  60  57  58  55  56  53  54  51  52  49  50  47  48  45  46  43  44  41  42  39  40  37  38  35  36  33  34  31  32  29  30  27  28  25  26  23  24  21  22  19  20  17  18  15  16  13  14  11  12   9  10   7   8   5   6   3   4   1   2  -1   0

Q diagonal vector for K_63/10
 -1  -2   1   2  -1   0  -3  -4  -1   0  -3  -2  -5  -4  -1  -2   1   0  -3  -2   1   0   3   4   1   2  -1  -2   1   2  -1   0  -3  -2   1   0   3   2  -1   0   3   2   5   6   3   4   1   0   3   4   1   2  -1   0   3   2   5   4   1   2   5   4   7

Q diagonal vector for K_63/11
  5   2   3   6   5   8   7   4   5   8   9   6   7   4   3   6   7   4   5   2   1   4   3   0   1   4   3   6   5   2   3   6   7   4   5   2   1   4   5   2   3   0  -1   2   1  -2  -1   2   1   4   3   0   1   4   5   2   3   0  -1   2   3   0   1

Q diagonal vector for K_63/20
 -7  -6  -9  -8  -5  -6  -9  -8 -11 -10  -7  -8 -11 -10 -13 -12  -9 -10 -13 -12 -15 -14 -11 -10 -13 -14 -11 -12  -9  -8 -11 -12  -9 -10  -7  -6  -9 -10  -7  -8  -5  -4  -7  -6  -3  -4  -7  -6  -9  -8  -5  -6  -9  -8 -11 -10  -7  -8 -11 -10 -13 -12  -9

Q diagonal vector for K_63/22
  3   4   1   0   3   2   5   6   3   2   5   4   7   8   5   4   7   6   9  10   7   8   5   6   9   8   5   6   3   4   7   6   3   4   1   2   5   4   1   2  -1   0   3   2   5   6   3   2   5   4   7   8   5   4   7   6   9  10   7   6   9   8  11

Q diagonal vector for K_63/23
  9   6   7   4   5   2   1   4   3   6   5   8   7   4   5   2   3   0  -1   2   1   4   5   2   3   0   1  -2  -1   2   1   4   3   6   7   4   5   2   3   0   1   4   3   6   5   8   7   4   5   2   3   0  -1   2   1   4   3   6   5   2   3   0   1

Q diagonal vector for K_63/26
  2   1   4   5   2   3   0   1   4   3   6   7   4   5   2   1   4   3   6   5   2   3   0  -1   2   3   0   1  -2  -1   2   1   4   5   2   3   0   1   4   3   6   5   2   3   0  -1   2   1   4   3   0   1   4   3   6   7   4   5   2   3   6   5   8

Q diagonal vector for K_63/31
 32  29  30  27  28  25  26  23  24  21  22  19  20  17  18  15  16  13  14  11  12   9  10   7   8   5   6   3   4   1   2  -1   0   3   2   5   4   7   6   9   8  11  10  13  12  15  14  17  16  19  18  21  20  23  22  25  24  27  26  29  28  31  30

Q diagonal vector for K_63/34
  9   8  11  10  13  12   9  10   7   8  11  10  13  12  15  14  11  12   9  10  13  12  15  14  17  16  13  14  11  12  15  14  17  18  15  16  13  14  11  10  13  12  15  16  13  14  11  12   9   8  11  10  13  14  11  12   9  10   7   6   9   8  11

Q diagonal vector for K_63/38
 13  12  15  14  17  16  19  18  21  20  23  22  25  24  21  22  19  20  17  18  15  16  13  14  11  12  15  14  17  16  19  18  21  20  23  22  25  26  23  24  21  22  19  20  17  18  15  16  13  14  11  10  13  12  15  14  17  16  19  18  21  20  23

Q diagonal vector for K_63/44
 -8  -7 -10  -9 -12 -11 -14 -13 -10 -11  -8  -9  -6  -5  -8  -7 -10  -9 -12 -11  -8  -9  -6  -7  -4  -5  -8  -7 -10  -9 -12 -13 -10 -11  -8  -9  -6  -7 -10  -9 -12 -11 -14 -13 -16 -15 -12 -13 -10 -11  -8  -7 -10  -9 -12 -11 -14 -13 -10 -11  -8  -9  -6

Q diagonal vector for K_63/46
 -6  -5  -8  -7  -4  -3  -6  -7  -4  -5  -8  -7 -10  -9  -6  -5  -8  -7  -4  -5  -8  -9  -6  -7  -4  -3  -6  -5  -2  -3  -6  -7  -4  -5  -8  -7 -10  -9  -6  -5  -8  -9  -6  -7 -10  -9 -12 -11  -8  -7 -10  -9  -6  -7 -10 -11  -8  -9  -6  -5  -8  -7  -4

Q diagonal vector for K_63/47
-11 -14 -13 -16 -15 -18 -17 -20 -19 -22 -21 -24 -23 -26 -25 -28 -27 -24 -25 -22 -23 -20 -21 -18 -19 -16 -17 -14 -15 -12 -13 -10  -9 -12 -11 -14 -13 -16 -15 -18 -17 -20 -19 -22 -21 -24 -23 -26 -25 -22 -23 -20 -21 -18 -19 -16 -17 -14 -15 -12 -13 -10 -11

Q diagonal vector for K_63/50
  1   0   3   2  -1  -2   1   0  -3  -4  -1  -2  -5  -4  -1   0  -3  -2   1   2  -1   0   3   4   1   2  -1  -2   1   0  -3  -4  -1  -2  -5  -6  -3  -4  -7  -6  -3  -2  -5  -4  -1   0  -3  -2   1   2  -1   0  -3  -4  -1  -2  -5  -6  -3  -4  -7  -8  -5

Q diagonal vector for K_63/55
 -7 -10  -9 -12 -11 -14 -13 -16 -15 -12 -13 -10 -11  -8  -9  -6  -5  -8  -7 -10  -9 -12 -11 -14 -13 -10 -11  -8  -9  -6  -7  -4  -3  -6  -5  -8  -7 -10  -9 -12 -11  -8  -9  -6  -7  -4  -5  -2  -1  -4  -3  -6  -5  -8  -7 -10  -9  -6  -7  -4  -5  -2  -3

Q diagonal vector for K_63/58
 -7  -8  -5  -6  -9  -8  -5  -4  -7  -6  -9 -10  -7  -8 -11 -10  -7  -6  -9  -8 -11 -12  -9 -10 -13 -12  -9  -8 -11 -10 -13 -14 -11 -12 -15 -14 -11 -10 -13 -12 -15 -16 -13 -14 -17 -16 -13 -12 -15 -14 -17 -18 -15 -16 -19 -18 -15 -14 -17 -16 -19 -20 -17

Q diagonal vector for K_63/59
-11 -14 -13 -16 -15 -12 -13 -10  -9 -12 -11 -14 -13 -10 -11  -8  -7 -10  -9 -12 -11  -8  -9  -6  -5  -8  -7 -10  -9  -6  -7  -4  -3  -6  -5  -8  -7  -4  -5  -2  -1  -4  -3  -6  -5  -2  -3   0   1  -2  -1  -4  -3   0  -1   2   3   0   1  -2  -1   2   1

Q diagonal vector for K_63/61
-26 -29 -28 -25 -24 -27 -26 -23 -22 -25 -24 -21 -20 -23 -22 -19 -18 -21 -20 -17 -16 -19 -18 -15 -14 -17 -16 -13 -12 -15 -14 -11 -10 -13 -12  -9  -8 -11 -10  -7  -6  -9  -8  -5  -4  -7  -6  -3  -2  -5  -4  -1   0  -3  -2   1   2  -1   0   3   4   1   2

Q diagonal vector for K_65/1
 64  61  62  59  60  57  58  55  56  53  54  51  52  49  50  47  48  45  46  43  44  41  42  39  40  37  38  35  36  33  34  31  32  29  30  27  28  25  26  23  24  21  22  19  20  17  18  15  16  13  14  11  12   9  10   7   8   5   6   3   4   1   2  -1   0

Q diagonal vector for K_65/2
-29 -28 -31 -30 -27 -26 -29 -28 -25 -24 -27 -26 -23 -22 -25 -24 -21 -20 -23 -22 -19 -18 -21 -20 -17 -16 -19 -18 -15 -14 -17 -16 -13 -12 -15 -14 -11 -10 -13 -12  -9  -8 -11 -10  -7  -6  -9  -8  -5  -4  -7  -6  -3  -2  -5  -4  -1   0  -3  -2   1   2  -1   0   3

Q diagonal vector for K_65/4
-11 -10 -13 -12 -15 -14 -11 -12  -9  -8 -11 -10 -13 -12  -9 -10  -7  -6  -9  -8 -11 -10  -7  -8  -5  -4  -7  -6  -9  -8  -5  -6  -3  -2  -5  -4  -7  -6  -3  -4  -1   0  -3  -2  -5  -4  -1  -2   1   2  -1   0  -3  -2   1   0   3   4   1   2  -1   0   3   2   5

Q diagonal vector for K_65/6
 -7  -8  -5  -6  -3  -2  -5  -4  -7  -6  -9  -8  -5  -6  -3  -4  -1   0  -3  -2  -5  -4  -7  -6  -3  -4  -1  -2   1   2  -1   0  -3  -2  -5  -4  -1  -2   1   0   3   4   1   2  -1   0  -3  -2   1   0   3   2   5   6   3   4   1   2  -1   0   3   2   5   4   7

Q diagonal vector for K_65/8
  1   2  -1   0  -3  -2  -5  -4  -7  -6  -3  -4  -1  -2   1   0   3   4   1   2  -1   0  -3  -2  -5  -4  -1  -2   1   0   3   2   5   6   3   4   1   2  -1   0  -3  -2   1   0   3   2   5   4   7   8   5   6   3   4   1   2  -1   0   3   2   5   4   7   6   9

Q diagonal vector for K_65/9
  8   5   6   9  10   7   8  11  12   9  10   7   6   9   8   5   4   7   6   3   4   7   8   5   6   9  10   7   8   5   4   7   6   3   2   5   4   1   2   5   6   3   4   7   8   5   6   3   2   5   4   1   0   3   2  -1   0   3   4   1   2   5   6   3   4

Q diagonal vector for K_65/16
 13  14  11  12   9  10   7   8   5   6   3   4   1   2  -1   0  -3  -2   1   0   3   2   5   4   7   6   9   8  11  10  13  12  15  16  13  14  11  12   9  10   7   8   5   6   3   4   1   2  -1   0   3   2   5   4   7   6   9   8  11  10  13  12  15  14  17

Q diagonal vector for K_65/17
  1  -2  -1   2   1   4   3   0   1   4   3   6   5   2   3   6   7   4   5   2   1   4   5   2   3   0  -1   2   3   0   1  -2  -3   0  -1  -4  -3   0  -1   2   1  -2  -1   2   1   4   3   0   1   4   5   2   3   0  -1   2   3   0   1  -2  -3   0   1  -2  -1

Q diagonal vector for K_65/18
  0   1  -2  -3   0  -1   2   1  -2  -1  -4  -3   0  -1   2   3   0   1  -2  -1   2   1  -2  -1  -4  -5  -2  -3   0   1  -2  -1  -4  -3   0  -1   2   3   0  -1   2   1   4   3   0   1  -2  -1   2   1   4   5   2   3   0   1   4   3   0   1  -2  -3   0  -1   2

Q diagonal vector for K_65/21
  4   1   2   5   6   3   4   7   8   5   6   9  10   7   8  11  12   9  10  13  14  11  12   9   8  11  10   7   6   9   8   5   4   7   6   3   2   5   4   1   0   3   2  -1   0   3   4   1   2   5   6   3   4   7   8   5   6   9  10   7   8  11  12   9  10

Q diagonal vector for K_65/22
  1   0   3   2   5   4   7   6   9   8  11  10  13  12  15  14  17  16  19  18  21  22  19  20  17  18  15  16  13  14  11  12   9  10   7   8   5   6   3   4   1   2  -1   0   3   2   5   4   7   6   9   8  11  10  13  12  15  14  17  16  19  18  21  20  23

Q diagonal vector for K_65/23
  7   4   5   2   1   4   3   6   5   2   3   0  -1   2   1   4   3   0   1  -2  -3   0   1  -2  -1  -4  -3   0  -1   2   3   0   1  -2  -1   2   1   4   5   2   3   0   1   4   3   6   5   2   3   0  -1   2   1   4   3   0   1  -2  -3   0  -1   2   1  -2  -1

Q diagonal vector for K_65/24
  3   2   5   6   3   4   1   0   3   2   5   4   1   2   5   4   7   8   5   6   3   2   5   6   3   4   1   2   5   4   7   6   3   4   1   0   3   4   1   2  -1   0   3   2   5   4   1   2   5   4   7   8   5   6   3   2   5   4   7   6   3   4   7   6   9

Q diagonal vector for K_65/27
 10   7   8   5   6   3   4   7   6   9   8   5   6   3   4   1   0   3   2   5   4   7   8   5   6   3   4   1   2   5   4   7   6   3   4   1   2  -1   0   3   2   5   4   7   8   5   6   3   2   5   4   7   6   9   8   5   6   3   4   1   2   5   4   7   6

Q diagonal vector for K_65/28
  3   2   5   4   7   6   9   8  11  12   9  10   7   8   5   6   3   4   1   0   3   2   5   4   7   6   9  10   7   8   5   6   3   4   1   2  -1   0   3   2   5   4   7   6   9   8  11  10   7   8   5   6   3   4   1   2   5   4   7   6   9   8  11  10  13

Q diagonal vector for K_65/29
 12   9  10   7   8   5   6   3   2   5   4   7   6   9  10   7   8   5   6   3   4   1   0   3   2   5   4   7   8   5   6   3   4   1   2  -1   0   3   2   5   4   7   6   9   8   5   6   3   4   1   2   5   4   7   6   9   8  11  10   7   8   5   6   3   4

Q diagonal vector for K_65/31
 14  11  12   9   8  11  12   9  10   7   6   9  10   7   8   5   4   7   8   5   6   3   2   5   6   3   4   1   0   3   4   1   2  -1   0   3   2   5   4   1   2   5   4   7   6   3   4   7   6   9   8   5   6   9   8  11  10   7   8  11  10  13  12   9  10

Q diagonal vector for K_65/32
 31  32  29  30  27  28  25  26  23  24  21  22  19  20  17  18  15  16  13  14  11  12   9  10   7   8   5   6   3   4   1   2  -1   0   3   2   5   4   7   6   9   8  11  10  13  12  15  14  17  16  19  18  21  20  23  22  25  24  27  26  29  28  31  30  33

Q diagonal vector for K_65/46
 -6  -5  -8  -7  -4  -5  -8  -7 -10  -9  -6  -5  -8  -9  -6  -7  -4  -3  -6  -5  -2  -3  -6  -5  -8  -7  -4  -5  -8  -9  -6  -7  -4  -3  -6  -7  -4  -5  -8  -7 -10  -9  -6  -7 -10  -9 -12 -11  -8  -7 -10 -11  -8  -9  -6  -5  -8  -7  -4  -5  -8  -7 -10  -9  -6

Q diagonal vector for K_65/51
 -4  -7  -6  -9 -10  -7  -8  -5  -6  -3  -2  -5  -4  -7  -6  -3  -4  -1  -2  -5  -4  -7  -6  -9  -8  -5  -6  -3  -2  -5  -4  -7  -8  -5  -6  -3  -4  -1   0  -3  -2  -5  -4  -1  -2   1   0  -3  -2  -5  -4  -7  -6  -3  -4  -1   0  -3  -2  -5  -6  -3  -4  -1  -2

Q diagonal vector for K_65/53
  2  -1   0   3   4   1   2  -1  -2   1   0  -3  -2   1   2  -1   0   3   2   5   4   1   0   3   4   1   2   5   6   3   4   1   0   3   2  -1   0   3   4   1   2   5   4   7   6   3   2   5   6   3   4   7   8   5   6   3   2   5   4   1   2   5   6   3   4

Q diagonal vector for K_65/54
-12 -11 -14 -13 -16 -15 -18 -17 -20 -19 -22 -21 -18 -19 -16 -17 -14 -15 -12 -13 -10 -11 -14 -13 -16 -15 -18 -17 -20 -19 -22 -21 -24 -23 -20 -21 -18 -19 -16 -17 -14 -15 -12 -13 -16 -15 -18 -17 -20 -19 -22 -21 -24 -23 -26 -25 -22 -23 -20 -21 -18 -19 -16 -17 -14

Q diagonal vector for K_65/58
-10  -9 -12 -11  -8  -7 -10  -9  -6  -7 -10 -11  -8  -9 -12 -11 -14 -13 -10  -9 -12 -11  -8  -9 -12 -13 -10 -11 -14 -13 -16 -15 -12 -11 -14 -13 -10 -11 -14 -15 -12 -13 -16 -15 -18 -17 -14 -13 -16 -15 -12 -13 -16 -17 -14 -15 -18 -17 -20 -19 -16 -15 -18 -17 -14

Q diagonal vector for K_65/62
-20 -19 -22 -21 -18 -19 -22 -21 -24 -23 -20 -21 -24 -23 -26 -25 -22 -23 -26 -25 -28 -27 -24 -25 -28 -27 -30 -29 -26 -27 -30 -29 -32 -31 -28 -29 -32 -31 -34 -33 -30 -31 -34 -33 -36 -35 -32 -33 -36 -35 -38 -37 -34 -35 -38 -37 -40 -39 -36 -37 -40 -39 -42 -41 -38

Q diagonal vector for K_67/1
 66  63  64  61  62  59  60  57  58  55  56  53  54  51  52  49  50  47  48  45  46  43  44  41  42  39  40  37  38  35  36  33  34  31  32  29  30  27  28  25  26  23  24  21  22  19  20  17  18  15  16  13  14  11  12   9  10   7   8   5   6   3   4   1   2  -1   0

Q diagonal vector for K_67/3
 24  21  22  19  20  23  22  19  20  17  18  21  20  17  18  15  16  19  18  15  16  13  14  17  16  13  14  11  12  15  14  11  12   9  10  13  12   9  10   7   8  11  10   7   8   5   6   9   8   5   6   3   4   7   6   3   4   1   2   5   4   1   2  -1   0   3   2

Q diagonal vector for K_67/4
-13 -14 -11 -10 -13 -12 -15 -14 -11 -12  -9  -8 -11 -10 -13 -12  -9 -10  -7  -6  -9  -8 -11 -10  -7  -8  -5  -4  -7  -6  -9  -8  -5  -6  -3  -2  -5  -4  -7  -6  -3  -4  -1   0  -3  -2  -5  -4  -1  -2   1   2  -1   0  -3  -2   1   0   3   4   1   2  -1   0   3   2   5

Q diagonal vector for K_67/5
 14  11  12  15  16  13  14  11  10  13  12   9  10  13  14  11  12   9   8  11  10   7   8  11  12   9  10   7   6   9   8   5   6   9  10   7   8   5   4   7   6   3   4   7   8   5   6   3   2   5   4   1   2   5   6   3   4   1   0   3   2  -1   0   3   4   1   2

Q diagonal vector for K_67/9
 10   7   8   5   6   9   8  11  12   9  10   7   8   5   4   7   6   9   8   5   6   3   4   7   6   9  10   7   8   5   6   3   2   5   4   7   6   3   4   1   2   5   4   7   8   5   6   3   4   1   0   3   2   5   4   1   2  -1   0   3   2   5   6   3   4   1   2

Q diagonal vector for K_67/10
 -1   0  -3  -4  -1  -2   1   2  -1   0  -3  -2   1   0  -3  -2  -5  -4  -1  -2   1   2  -1  -2   1   0   3   4   1   2  -1   0   3   2  -1   0  -3  -2   1   0   3   4   1   0   3   2   5   6   3   4   1   2   5   4   1   2  -1   0   3   2   5   6   3   2   5   4   7

Q diagonal vector for K_67/11
 16  13  14  11  12   9  10   7   8   5   6   3   4   7   6   9   8  11  10  13  12  15  14  11  12   9  10   7   8   5   6   3   4   1   2   5   4   7   6   9   8  11  10  13  12   9  10   7   8   5   6   3   4   1   2  -1   0   3   2   5   4   7   6   9   8  11  10

Q diagonal vector for K_67/13
  6   3   4   7   8   5   6   9  10   7   8  11  12   9  10   7   6   9   8   5   4   7   6   3   2   5   4   1   2   5   6   3   4   7   8   5   6   9  10   7   8   5   4   7   6   3   2   5   4   1   0   3   2  -1   0   3   4   1   2   5   6   3   4   7   8   5   6

Q diagonal vector for K_67/15
 12   9  10   7   8   5   6   3   2   5   4   7   6   9  10   7   8   5   6   3   4   1   2   5   4   7   6   9   8  11  10   7   8   5   6   3   4   1   0   3   2   5   4   7   8   5   6   3   4   1   2  -1   0   3   2   5   4   7   6   9   8   5   6   3   4   1   2

Q diagonal vector for K_67/16
  3   2   5   6   3   4   1   0   3   4   1   2  -1  -2   1   2  -1   0  -3  -2   1   0   3   2  -1   0   3   2   5   4   1   2   5   4   7   8   5   6   3   2   5   6   3   4   1   0   3   4   1   2  -1   0   3   2   5   4   1   2   5   4   7   6   3   4   7   6   9

Q diagonal vector for K_67/18
 -5  -4  -7  -6  -3  -4  -7  -8  -5  -6  -3  -2  -5  -4  -1  -2  -5  -4  -7  -6  -3  -2  -5  -6  -3  -4  -7  -6  -9  -8  -5  -4  -7  -8  -5  -6  -3  -2  -5  -4  -1  -2  -5  -6  -3  -4  -1   0  -3  -2   1   0  -3  -2  -5  -4  -1   0  -3  -4  -1  -2  -5  -4  -7  -6  -3

Q diagonal vector for K_67/20
  1   2  -1   0  -3  -2  -5  -4  -1  -2   1   0   3   2  -1   0  -3  -2  -5  -4  -7  -6  -3  -4  -1  -2   1   2  -1   0  -3  -2  -5  -6  -3  -4  -1  -2   1   0   3   4   1   2  -1   0  -3  -2   1   0   3   2   5   4   1   2  -1   0  -3  -2  -5  -4  -1  -2   1   0   3

Q diagonal vector for K_67/23
  5   2   1   4   3   0  -1   2   1  -2  -3   0  -1  -4  -5  -2  -3  -6  -7  -4  -5  -8  -7 -10  -9  -6  -5  -8  -7  -4  -3  -6  -5  -2  -1  -4  -3   0   1  -2  -1   2   3   0   1   4   3   0  -1   2   1  -2  -3   0  -1  -4  -5  -2  -3  -6  -7  -4  -5  -8  -9  -6  -7

Q diagonal vector for K_67/25
 11   8   9   6   7   4   5   2   1   4   3   6   5   8   7  10   9   6   7   4   5   2   3   0   1  -2  -1   2   1   4   3   6   5   8   9   6   7   4   5   2   3   0   1   4   3   6   5   8   7  10   9   6   7   4   5   2   3   0  -1   2   1   4   3   6   5   8   7

Q diagonal vector for K_67/26
  5   6   3   2   5   4   7   6   3   4   1   0   3   2   5   6   3   4   1   2   5   4   7   8   5   6   3   4   7   6   3   4   1   0   3   2   5   4   1   2  -1   0   3   2   5   6   3   4   1   2   5   4   7   8   5   4   7   6   9   8   5   6   3   2   5   4   7

Q diagonal vector for K_67/27
 16  13  14  11  12   9  10   7   8   5   6   3   4   1   0   3   2   5   4   7   6   9   8  11  10  13  14  11  12   9  10   7   8   5   6   3   4   1   2  -1   0   3   2   5   4   7   6   9   8  11  10  13  12  15  14  11  12   9  10   7   8   5   6   3   4   1   2

Q diagonal vector for K_67/29
  7   4   3   6   5   2   1   4   3   0   1  -2  -1   2   3   0   1   4   5   2   1   4   3   0  -1   2   1  -2  -1  -4  -3   0   1  -2  -1   2   3   0   1   4   3   0  -1   2   1  -2  -3   0  -1   2   3   0   1   4   5   2   3   6   5   2   1   4   3   0  -1   2   1

Q diagonal vector for K_67/31
 12   9  10   7   8   5   4   7   6   9  10   7   8   5   6   3   2   5   4   7   8   5   6   3   4   1   0   3   2   5   6   3   4   1   2  -1   0   3   2   5   4   7   6   3   4   1   2   5   4   7   6   9   8   5   6   3   4   7   6   9   8  11  10   7   8   5   6

Q diagonal vector for K_67/33
 34  31  32  29  30  27  28  25  26  23  24  21  22  19  20  17  18  15  16  13  14  11  12   9  10   7   8   5   6   3   4   1   2  -1   0   3   2   5   4   7   6   9   8  11  10  13  12  15  14  17  16  19  18  21  20  23  22  25  24  27  26  29  28  31  30  33  32

Q diagonal vector for K_67/35
 12   9  10  13  12  15  14  11  12  15  14  17  16  13  14  17  16  19  18  15  16  19  18  21  20  17  18  21  20  23  22  19  20  23  24  21  22  19  18  21  22  19  20  17  16  19  20  17  18  15  14  17  18  15  16  13  12  15  16  13  14  11  10  13  14  11  12

Q diagonal vector for K_67/37
  4   1   2   5   6   3   4   7   6   9   8   5   4   7   6   3   4   7   8   5   6   9   8  11  10   7   6   9   8   5   6   9  10   7   8  11  12   9  10   7   6   9   8   5   4   7   8   5   6   9  10   7   8   5   4   7   6   3   2   5   6   3   4   7   8   5   6

Q diagonal vector for K_67/39
  1  -2  -1  -4  -3  -6  -5  -2  -3   0  -1   2   3   0   1  -2  -3   0  -1   2   1   4   3   0   1  -2  -1  -4  -3   0  -1   2   1   4   5   2   3   0   1  -2  -1   2   1   4   3   0   1  -2  -1  -4  -5  -2  -3   0  -1   2   3   0   1  -2  -1  -4  -3   0  -1   2   1

Q diagonal vector for K_67/43
 -6  -9  -8 -11 -12  -9 -10  -7  -8  -5  -4  -7  -6  -9 -10  -7  -8  -5  -6  -3  -2  -5  -4  -7  -6  -3  -4  -1  -2  -5  -4  -7  -6  -9  -8  -5  -6  -3  -4  -7  -6  -9  -8 -11 -10  -7  -8  -5  -4  -7  -6  -9 -10  -7  -8  -5  -6  -3  -2  -5  -4  -7  -8  -5  -6  -3  -4

Q diagonal vector for K_67/45
 42  39  40  37  38  35  36  33  34  31  32  29  30  27  28  25  26  23  24  21  22  19  20  23  22  25  24  27  26  29  28  31  30  33  32  35  34  37  36  39  38  41  40  43  44  41  42  39  40  37  38  35  36  33  34  31  32  29  30  27  28  25  26  23  24  21  22

Q diagonal vector for K_67/46
 -8  -7 -10  -9 -12 -11  -8  -9  -6  -5  -8  -7 -10  -9  -6  -7  -4  -3  -6  -5  -8  -7  -4  -5  -2  -3  -6  -5  -8  -9  -6  -7  -4  -5  -8  -7 -10 -11  -8  -9  -6  -7 -10  -9 -12 -11 -14 -13 -10 -11  -8  -7 -10  -9 -12 -11  -8  -9  -6  -5  -8  -7 -10  -9  -6  -7  -4

Q diagonal vector for K_67/48
  6   5   8   7  10   9  12  11  14  15  12  13  10  11   8   9   6   7   4   5   8   7  10   9  12  11  14  13  16  15  12  13  10  11   8   9   6   7   4   3   6   5   8   7  10   9  12  13  10  11   8   9   6   7   4   5   2   3   6   5   8   7  10   9  12  11  14

Q diagonal vector for K_67/50
-16 -15 -18 -17 -20 -19 -22 -21 -24 -23 -26 -25 -28 -27 -30 -29 -32 -31 -28 -29 -26 -27 -24 -25 -22 -23 -20 -21 -18 -19 -16 -17 -14 -15 -18 -17 -20 -19 -22 -21 -24 -23 -26 -25 -28 -27 -30 -29 -32 -31 -34 -33 -30 -31 -28 -29 -26 -27 -24 -25 -22 -23 -20 -21 -18 -19 -16

Q diagonal vector for K_67/53
 -6  -9 -10  -7  -8  -5  -4  -7  -8  -5  -6  -3  -2  -5  -4  -1  -2  -5  -4  -7  -6  -3  -4  -7  -6  -9  -8  -5  -4  -7  -8  -5  -6  -3  -2  -5  -6  -3  -4  -1   0  -3  -2   1   0  -3  -2  -5  -4  -1  -2  -5  -4  -7  -6  -3  -2  -5  -6  -3  -4  -1   0  -3  -4  -1  -2

Q diagonal vector for K_67/55
 -1  -4  -5  -2  -3  -6  -5  -8  -7  -4  -3  -6  -5  -2  -3  -6  -7  -4  -5  -2  -1  -4  -3   0   1  -2  -3   0  -1  -4  -3  -6  -5  -2  -1  -4  -3   0  -1  -4  -5  -2  -3   0   1  -2  -1   2   3   0  -1   2   1  -2  -1  -4  -3   0   1  -2  -1   2   1  -2  -3   0  -1

Q diagonal vector for K_67/59
 -2  -5  -4  -1  -2   1   0  -3  -2   1   2  -1   0  -3  -4  -1   0  -3  -2   1   0   3   2  -1   0   3   4   1   2  -1  -2   1   2  -1   0   3   2   5   4   1   2   5   6   3   4   1   0   3   4   1   2   5   4   7   6   3   4   7   8   5   6   3   2   5   6   3   4

Q diagonal vector for K_67/60
 -6  -7  -4  -3  -6  -5  -8  -7  -4  -5  -2  -3  -6  -5  -8  -9  -6  -5  -8  -7 -10  -9  -6  -7  -4  -5  -8  -7 -10 -11  -8  -7 -10  -9 -12 -11  -8  -9  -6  -7 -10  -9 -12 -13 -10  -9 -12 -11 -14 -13 -10 -11  -8  -9 -12 -11 -14 -15 -12 -11 -14 -13 -16 -15 -12 -13 -10

Q diagonal vector for K_67/61
  2  -1   0  -3  -2  -5  -4  -1  -2   1   0   3   4   1   2  -1   0  -3  -2   1   0   3   2   5   6   3   4   1   2  -1   0   3   2   5   4   7   8   5   6   3   4   1   2   5   4   7   6   9  10   7   8   5   6   3   4   7   6   9   8  11  12   9  10   7   8   5   6

Q diagonal vector for K_67/65
-28 -31 -30 -27 -26 -29 -28 -25 -24 -27 -26 -23 -22 -25 -24 -21 -20 -23 -22 -19 -18 -21 -20 -17 -16 -19 -18 -15 -14 -17 -16 -13 -12 -15 -14 -11 -10 -13 -12  -9  -8 -11 -10  -7  -6  -9  -8  -5  -4  -7  -6  -3  -2  -5  -4  -1   0  -3  -2   1   2  -1   0   3   4   1   2

Q diagonal vector for K_69/1
 68  65  66  63  64  61  62  59  60  57  58  55  56  53  54  51  52  49  50  47  48  45  46  43  44  41  42  39  40  37  38  35  36  33  34  31  32  29  30  27  28  25  26  23  24  21  22  19  20  17  18  15  16  13  14  11  12   9  10   7   8   5   6   3   4   1   2  -1   0

Q diagonal vector for K_69/2
-31 -30 -33 -32 -29 -28 -31 -30 -27 -26 -29 -28 -25 -24 -27 -26 -23 -22 -25 -24 -21 -20 -23 -22 -19 -18 -21 -20 -17 -16 -19 -18 -15 -14 -17 -16 -13 -12 -15 -14 -11 -10 -13 -12  -9  -8 -11 -10  -7  -6  -9  -8  -5  -4  -7  -6  -3  -2  -5  -4  -1   0  -3  -2   1   2  -1   0   3

Q diagonal vector for K_69/10
 -3  -4  -1  -2   1   0   3   2   5   6   3   4   1   2  -1   0  -3  -2  -5  -4  -1  -2   1   0   3   2   5   4   7   8   5   6   3   4   1   2  -1   0  -3  -2   1   0   3   2   5   4   7   6   9  10   7   8   5   6   3   4   1   2  -1   0   3   2   5   4   7   6   9   8  11

Q diagonal vector for K_69/14
 -1  -2   1   0   3   2   5   4   7   6   9   8  11  12   9  10   7   8   5   6   3   4   1   2  -1   0  -3  -2   1   0   3   2   5   4   7   6   9   8  11  10  13  14  11  12   9  10   7   8   5   6   3   4   1   2  -1   0   3   2   5   4   7   6   9   8  11  10  13  12  15

Q diagonal vector for K_69/16
  1   0   3   2   5   6   3   4   1   2  -1  -2   1   0   3   4   1   2  -1   0  -3  -2   1   0   3   2   5   4   1   2  -1   0   3   2   5   4   7   8   5   6   3   4   1   0   3   2   5   6   3   4   1   2  -1   0   3   2   5   4   7   6   3   4   1   2   5   4   7   6   9

Q diagonal vector for K_69/17
 20  17  18  15  16  13  14  11  12   9  10   7   8   5   6   3   4   1   2   5   4   7   6   9   8  11  10  13  12  15  14  17  16  19  18  15  16  13  14  11  12   9  10   7   8   5   6   3   4   1   2  -1   0   3   2   5   4   7   6   9   8  11  10  13  12  15  14  17  16

Q diagonal vector for K_69/28
 -2  -1  -4  -3   0   1  -2  -1   2   3   0   1   4   5   2   1   4   3   0  -1   2   1  -2  -3   0  -1  -4  -3  -6  -5  -2  -1  -4  -3   0   1  -2  -1   2   3   0   1   4   3   0  -1   2   1  -2  -3   0  -1  -4  -5  -2  -3   0   1  -2  -1   2   3   0   1   4   5   2   3   6

Q diagonal vector for K_69/31
 10   7   8   5   6   9   8   5   6   3   2   5   4   7   8   5   6   3   4   7   6   3   4   1   0   3   2   5   6   3   4   1   2   5   4   1   2  -1   0   3   2   5   6   3   2   5   4   7   6   3   4   1   2   5   4   7   8   5   4   7   6   9   8   5   6   3   4   7   6

Q diagonal vector for K_69/32
  6   7   4   5   8   9   6   5   8   7   4   5   2   3   6   7   4   3   6   5   2   3   0   1   4   5   2   1   4   3   0   1  -2  -1   2   3   0   1   4   3   0  -1   2   1   4   5   2   3   6   5   2   1   4   3   6   7   4   5   8   7   4   3   6   5   8   9   6   7  10

Q diagonal vector for K_69/34
 33  34  31  32  29  30  27  28  25  26  23  24  21  22  19  20  17  18  15  16  13  14  11  12   9  10   7   8   5   6   3   4   1   2  -1   0   3   2   5   4   7   6   9   8  11  10  13  12  15  14  17  16  19  18  21  20  23  22  25  24  27  26  29  28  31  30  33  32  35

Q diagonal vector for K_69/40
  3   2   5   6   3   4   1   2   5   4   7   6   3   4   1   0   3   2   5   4   1   2   5   4   7   8   5   6   3   4   7   6   9   8   5   6   3   2   5   6   3   4   1   2   5   4   7   8   5   6   3   2   5   4   7   6   3   4   1   0   3   4   1   2  -1   0   3   2   5

Q diagonal vector for K_69/43
 -6  -9  -8 -11 -10 -13 -12 -15 -16 -13 -14 -11 -12  -9 -10  -7  -8  -5  -4  -7  -6  -9  -8 -11 -10 -13 -12  -9 -10  -7  -8  -5  -6  -3  -4  -7  -6  -9  -8 -11 -10 -13 -12 -15 -14 -11 -12  -9 -10  -7  -8  -5  -4  -7  -6  -9  -8 -11 -10 -13 -14 -11 -12  -9 -10  -7  -8  -5  -6

Q diagonal vector for K_69/44
  7   6   9   8  11  10  13  12   9  10   7   8   5   4   7   6   9   8  11  10   7   8   5   6   3   4   7   6   9   8  11  12   9  10   7   8   5   6   9   8  11  10  13  14  11  12   9  10   7   8   5   4   7   6   9   8  11  10   7   8   5   6   3   2   5   4   7   6   9

Q diagonal vector for K_69/47
 13  10  11   8   9  12  11   8   9   6   7  10   9   6   7   4   5   8   7   4   5   2   3   6   5   8   9   6   5   8   7  10  11   8   7  10   9  12  13  10   9  12  11  14  15  12  13  10  11  14  13  10  11   8   9  12  11   8   9   6   7  10   9   6   7   4   5   8   7

Q diagonal vector for K_69/49
  2  -1   0   3   4   1   2   5   6   3   4   1   0   3   2  -1  -2   1   0  -3  -2   1   2  -1   0   3   4   1   2   5   4   7   6   3   2   5   4   1   0   3   4   1   2   5   6   3   4   7   8   5   6   3   2   5   4   1   0   3   2  -1   0   3   4   1   2   5   6   3   4

Q diagonal vector for K_69/50
  0  -1   2   1  -2  -3   0   1  -2  -1   2   3   0   1  -2  -3   0  -1  -4  -3   0   1  -2  -1   2   1   4   3   0  -1   2   1  -2  -1   2   3   0   1  -2  -3   0  -1  -4  -5  -2  -1  -4  -3   0   1  -2  -1  -4  -5  -2  -3  -6  -5  -2  -1  -4  -3   0  -1   2   1  -2  -3   0

Q diagonal vector for K_69/56
 -8  -7 -10  -9 -12 -11  -8  -9  -6  -5  -8  -7 -10  -9  -6  -7  -4  -5  -8  -7 -10 -11  -8  -9  -6  -7 -10  -9 -12 -11 -14 -13 -10 -11  -8  -7 -10  -9 -12 -11  -8  -9  -6  -7 -10  -9 -12 -13 -10 -11  -8  -9 -12 -11 -14 -13 -16 -15 -12 -13 -10  -9 -12 -11 -14 -13 -10 -11  -8

Q diagonal vector for K_69/58
  1   0   3   2  -1   0   3   2   5   4   1   2   5   6   3   4   1   0   3   4   1   2  -1  -2   1   0  -3  -2   1   0   3   2  -1   0   3   4   1   2  -1  -2   1   2  -1   0  -3  -4  -1  -2  -5  -4  -1  -2   1   0  -3  -2   1   2  -1   0  -3  -4  -1   0  -3  -2  -5  -6  -3

Q diagonal vector for K_69/61
 -6  -9 -10  -7  -8  -5  -4  -7  -6  -3  -4  -7  -6  -9  -8  -5  -4  -7  -8  -5  -6  -3  -2  -5  -4  -1  -2  -5  -4  -7  -6  -3  -2  -5  -6  -3  -4  -1   0  -3  -2   1   0  -3  -2  -5  -4  -1   0  -3  -4  -1  -2   1   2  -1   0   3   2  -1   0  -3  -2   1   2  -1  -2   1   0

Q diagonal vector for K_69/62
-12 -11 -14 -13 -16 -15 -18 -17 -14 -15 -12 -13 -10 -11 -14 -13 -16 -15 -18 -17 -20 -19 -16 -17 -14 -15 -12 -13 -16 -15 -18 -17 -20 -19 -22 -21 -18 -19 -16 -17 -14 -15 -18 -17 -20 -19 -22 -21 -24 -23 -20 -21 -18 -19 -16 -17 -20 -19 -22 -21 -24 -23 -26 -25 -22 -23 -20 -21 -18

Q diagonal vector for K_69/64
-14 -13 -16 -15 -18 -17 -14 -15 -12 -13 -16 -15 -18 -17 -20 -19 -16 -17 -14 -15 -18 -17 -20 -19 -22 -21 -18 -19 -16 -17 -20 -19 -22 -21 -24 -23 -20 -21 -18 -19 -22 -21 -24 -23 -26 -25 -22 -23 -20 -21 -24 -23 -26 -25 -28 -27 -24 -25 -22 -23 -26 -25 -28 -27 -30 -29 -26 -27 -24

Q diagonal vector for K_69/65
 -8 -11 -10 -13 -12  -9 -10  -7  -6  -9  -8 -11 -10  -7  -8  -5  -4  -7  -6  -9  -8  -5  -6  -3  -2  -5  -4  -7  -6  -3  -4  -1   0  -3  -2  -5  -4  -1  -2   1   2  -1   0  -3  -2   1   0   3   4   1   2  -1   0   3   2   5   6   3   4   1   2   5   4   7   8   5   6   3   4

Q diagonal vector for K_71/1
 70  67  68  65  66  63  64  61  62  59  60  57  58  55  56  53  54  51  52  49  50  47  48  45  46  43  44  41  42  39  40  37  38  35  36  33  34  31  32  29  30  27  28  25  26  23  24  21  22  19  20  17  18  15  16  13  14  11  12   9  10   7   8   5   6   3   4   1   2  -1   0

Q diagonal vector for K_71/5
 18  15  16  13  14  11  12  15  14  17  16  13  14  11  12   9  10  13  12  15  14  11  12   9  10   7   8  11  10  13  12   9  10   7   8   5   6   9   8  11  10   7   8   5   6   3   4   7   6   9   8   5   6   3   4   1   2   5   4   7   6   3   4   1   2  -1   0   3   2   5   4

Q diagonal vector for K_71/7
 16  13  14  11  12   9  10   7   8  11  10  13  12  15  14  11  12   9  10   7   8   5   6   9   8  11  10  13  12   9  10   7   8   5   6   3   4   7   6   9   8  11  10   7   8   5   6   3   4   1   2   5   4   7   6   9   8   5   6   3   4   1   2  -1   0   3   2   5   4   7   6

Q diagonal vector for K_71/8
 -5  -6  -3  -4  -1  -2   1   2  -1   0  -3  -2  -5  -4  -7  -6  -3  -4  -1  -2   1   0   3   4   1   2  -1   0  -3  -2  -5  -4  -1  -2   1   0   3   2   5   6   3   4   1   2  -1   0  -3  -2   1   0   3   2   5   4   7   8   5   6   3   4   1   2  -1   0   3   2   5   4   7   6   9

Q diagonal vector for K_71/11
 12   9  10   7   8   5   4   7   6   9  10   7   8   5   6   3   4   7   6   9   8  11  10   7   8   5   6   3   2   5   4   7   8   5   6   3   4   1   2   5   4   7   6   9   8   5   6   3   4   1   0   3   2   5   6   3   4   1   2  -1   0   3   2   5   4   7   6   3   4   1   2

Q diagonal vector for K_71/13
 10   7   8   5   6   3   4   7   6   9   8  11  12   9  10   7   8   5   6   3   2   5   4   7   6   9   8   5   6   3   4   1   2   5   4   7   6   9  10   7   8   5   6   3   4   1   0   3   2   5   4   7   6   3   4   1   2  -1   0   3   2   5   4   7   8   5   6   3   4   1   2

Q diagonal vector for K_71/15
  9   6   7   4   3   6   5   8   7   4   5   2   1   4   5   2   3   0   1   4   3   6   7   4   5   2   3   6   5   8   7   4   5   2   1   4   3   6   5   2   3   0  -1   2   3   0   1  -2  -1   2   1   4   5   2   3   0   1   4   3   6   5   2   3   0  -1   2   1   4   3   0   1

Q diagonal vector for K_71/19
  5   2   3   0   1   4   3   6   5   8   7   4   5   2   3   6   5   8   9   6   7   4   5   2   1   4   3   6   7   4   5   2   3   0  -1   2   1   4   3   0   1  -2  -1   2   1   4   3   6   5   2   3   0   1   4   3   6   7   4   5   2   3   0  -1   2   1   4   5   2   3   0   1

Q diagonal vector for K_71/24
  1   0   3   2   5   4   7   6   9   8  11  10  13  12  15  14  17  16  19  18  21  20  23  24  21  22  19  20  17  18  15  16  13  14  11  12   9  10   7   8   5   6   3   4   1   2  -1   0   3   2   5   4   7   6   9   8  11  10  13  12  15  14  17  16  19  18  21  20  23  22  25

Q diagonal vector for K_71/26
  2   3   0   1   4   5   2   1   4   3   0  -1   2   1   4   5   2   3   6   7   4   3   6   5   2   3   0   1   4   5   2   3   6   5   2   1   4   3   0   1  -2  -1   2   3   0   1   4   3   0  -1   2   1   4   5   2   3   6   7   4   3   6   5   2   1   4   3   6   7   4   5   8

Q diagonal vector for K_71/28
  7   6   9   8   5   4   7   6   3   2   5   4   1   0   3   4   1   2   5   6   3   4   7   8   5   6   9  10   7   8   5   4   7   6   3   2   5   4   1   0   3   2  -1   0   3   4   1   2   5   6   3   4   7   8   5   6   9   8  11  10   7   6   9   8   5   4   7   6   3   2   5

Q diagonal vector for K_71/29
 10   7   8   5   6   9   8   5   6   3   4   7   6   3   4   1   0   3   2   5   6   3   2   5   4   7   8   5   6   3   4   7   6   3   4   1   2   5   4   1   2  -1   0   3   2   5   6   3   2   5   4   7   8   5   4   7   6   9   8   5   6   3   4   7   6   3   4   1   2   5   4

Q diagonal vector for K_71/30
  0   1  -2  -1   2   1  -2  -1  -4  -3   0   1  -2  -3   0  -1   2   3   0  -1   2   1  -2  -1  -4  -3   0  -1  -4  -3  -6  -5  -2  -1  -4  -5  -2  -3   0   1  -2  -1   2   1  -2  -1  -4  -3   0  -1  -4  -5  -2  -3   0   1  -2  -3   0  -1   2   3   0   1   4   3   0   1  -2  -1   2

Q diagonal vector for K_71/31
  9   6   7   4   3   6   5   8   7   4   5   2   3   0   1   4   3   6   7   4   5   2   1   4   3   6   5   2   3   0   1  -2  -1   2   1   4   5   2   3   0   1   4   3   6   5   2   3   0  -1   2   1   4   3   6   7   4   5   2   3   6   5   8   7   4   5   2   1   4   3   6   5

Q diagonal vector for K_71/34
 11  10  13  14  11  12   9   8  11  12   9  10   7   6   9  10   7   8   5   4   7   8   5   6   3   2   5   6   3   4   1   0   3   4   1   2  -1   0   3   2   5   4   1   2   5   4   7   6   3   4   7   6   9   8   5   6   9   8  11  10   7   8  11  10  13  12   9  10  13  12  15

Q diagonal vector for K_71/35
 36  33  34  31  32  29  30  27  28  25  26  23  24  21  22  19  20  17  18  15  16  13  14  11  12   9  10   7   8   5   6   3   4   1   2  -1   0   3   2   5   4   7   6   9   8  11  10  13  12  15  14  17  16  19  18  21  20  23  22  25  24  27  26  29  28  31  30  33  32  35  34

Q diagonal vector for K_71/38
  5   6   3   4   7   6   3   2   5   4   7   8   5   6   9   8   5   4   7   6   9  10   7   8  11  10   7   6   9   8  11  12   9  10  13  12   9  10   7   8  11  12   9   8  11  10   7   8   5   6   9  10   7   6   9   8   5   6   3   4   7   8   5   4   7   6   3   4   1   2   5

Q diagonal vector for K_71/39
  5   2   3   0   1   4   3   6   7   4   3   6   5   8   7   4   5   2   3   6   5   8   9   6   5   8   7  10   9   6   7   4   5   8   7  10  11   8   9   6   7  10   9   6   7   4   3   6   5   8   9   6   7   4   5   8   7   4   5   2   1   4   3   6   7   4   5   2   3   6   5

Q diagonal vector for K_71/44
  4   3   6   7   4   5   2   1   4   3   6   5   2   3   6   5   8   7   4   5   2   1   4   5   2   3   0   1   4   3   6   5   2   3   6   5   8   9   6   7   4   3   6   7   4   5   2   3   6   5   8   7   4   5   2   1   4   5   2   3   0  -1   2   1   4   3   0   1   4   3   6

Q diagonal vector for K_71/46
  5   4   7   6   9   8   5   6   3   2   5   4   7   6   3   4   1   0   3   2   5   4   1   2  -1   0   3   2   5   6   3   4   1   2   5   4   7   8   5   6   3   4   7   6   9  10   7   8   5   6   3   2   5   4   7   6   3   4   1   0   3   2   5   4   1   2  -1  -2   1   0   3

Q diagonal vector for K_71/48
-12 -11 -14 -13 -10  -9 -12 -11  -8  -7 -10  -9  -6  -5  -8  -7  -4  -3  -6  -5  -2  -1  -4  -3   0  -1  -4  -5  -2  -3  -6  -7  -4  -5  -8  -9  -6  -7 -10 -11  -8  -9 -12 -13 -10 -11 -14 -13 -16 -15 -12 -11 -14 -13 -10  -9 -12 -11  -8  -7 -10  -9  -6  -5  -8  -7  -4  -3  -6  -5  -2

Q diagonal vector for K_71/49
  8   5   6   9  10   7   8   5   4   7   6   3   4   7   8   5   6   3   2   5   4   1   2   5   6   3   4   7   6   9   8   5   4   7   8   5   6   9   8  11  10   7   6   9  10   7   8  11  12   9  10   7   6   9   8   5   6   9  10   7   8   5   4   7   6   3   4   7   8   5   6

Q diagonal vector for K_71/50
 -1  -2   1   0  -3  -2   1   2  -1   0  -3  -4  -1   0  -3  -2   1   0   3   2  -1   0   3   4   1   2  -1  -2   1   0  -3  -2   1   0   3   2  -1  -2   1   2  -1   0  -3  -4  -1  -2  -5  -4  -1   0  -3  -2  -5  -6  -3  -2  -5  -4  -1  -2   1   0  -3  -2   1   2  -1   0  -3  -4  -1

Q diagonal vector for K_71/51
  1  -2  -3   0  -1  -4  -5  -2  -3  -6  -5  -8  -7  -4  -3  -6  -5  -2  -1  -4  -3   0  -1  -4  -5  -2  -3  -6  -7  -4  -5  -2  -1  -4  -3   0   1  -2  -1   2   3   0  -1   2   1  -2  -3   0  -1  -4  -3  -6  -5  -2  -1  -4  -3   0   1  -2  -1   2   1  -2  -3   0  -1  -4  -5  -2  -3

Q diagonal vector for K_71/53
-13 -16 -15 -18 -17 -20 -19 -22 -21 -24 -23 -26 -25 -28 -27 -30 -29 -32 -31 -28 -29 -26 -27 -24 -25 -22 -23 -20 -21 -18 -19 -16 -17 -14 -15 -12 -11 -14 -13 -16 -15 -18 -17 -20 -19 -22 -21 -24 -23 -26 -25 -28 -27 -30 -29 -26 -27 -24 -25 -22 -23 -20 -21 -18 -19 -16 -17 -14 -15 -12 -13

Q diagonal vector for K_71/54
  5   4   7   6   3   4   7   6   9   8   5   6   9   8  11  10   7   8  11  12   9  10   7   6   9  10   7   8   5   4   7   8   5   6   3   2   5   4   1   2   5   4   7   6   3   4   7   6   9   8   5   6   9  10   7   8   5   4   7   8   5   6   3   2   5   6   3   4   1   0   3

Q diagonal vector for K_71/55
  0  -3  -2   1   2  -1   0   3   2   5   4   1   0   3   2  -1   0   3   4   1   2   5   6   3   4   1   0   3   2  -1  -2   1   2  -1   0   3   4   1   2   5   4   7   6   3   2   5   4   1   2   5   6   3   4   7   8   5   6   3   2   5   4   1   0   3   4   1   2   5   6   3   4

Q diagonal vector for K_71/57
 24  21  22  19  20  17  18  15  16  13  14  11  12   9  10  13  12  15  14  17  16  19  18  21  20  23  22  25  26  23  24  21  22  19  20  17  18  15  16  13  14  11  12  15  14  17  16  19  18  21  20  23  22  25  24  27  28  25  26  23  24  21  22  19  20  17  18  15  16  13  14

Q diagonal vector for K_71/59
 -9 -12 -11 -14 -13 -16 -15 -18 -17 -20 -19 -22 -21 -18 -19 -16 -17 -14 -15 -12 -13 -10 -11  -8  -7 -10  -9 -12 -11 -14 -13 -16 -15 -18 -17 -20 -19 -16 -17 -14 -15 -12 -13 -10 -11  -8  -9  -6  -5  -8  -7 -10  -9 -12 -11 -14 -13 -16 -15 -18 -17 -14 -15 -12 -13 -10 -11  -8  -9  -6  -7

Q diagonal vector for K_71/61
 14  11  12   9  10   7   8   5   6   3   4   7   6   9   8  11  10  13  12  15  16  13  14  11  12   9  10   7   8   5   6   9   8  11  10  13  12  15  14  17  18  15  16  13  14  11  12   9  10   7   8  11  10  13  12  15  14  17  16  19  20  17  18  15  16  13  14  11  12   9  10

Q diagonal vector for K_71/62
-12 -11 -14 -13 -16 -15 -18 -17 -20 -19 -16 -17 -14 -15 -12 -13 -10 -11 -14 -13 -16 -15 -18 -17 -20 -19 -22 -21 -18 -19 -16 -17 -14 -15 -12 -13 -16 -15 -18 -17 -20 -19 -22 -21 -24 -23 -20 -21 -18 -19 -16 -17 -14 -15 -18 -17 -20 -19 -22 -21 -24 -23 -26 -25 -22 -23 -20 -21 -18 -19 -16

Q diagonal vector for K_71/65
 -9 -12 -11 -14 -13 -16 -15 -12 -13 -10 -11  -8  -7 -10  -9 -12 -11 -14 -13 -10 -11  -8  -9  -6  -5  -8  -7 -10  -9 -12 -11  -8  -9  -6  -7  -4  -3  -6  -5  -8  -7 -10  -9  -6  -7  -4  -5  -2  -1  -4  -3  -6  -5  -8  -7  -4  -5  -2  -3   0   1  -2  -1  -4  -3  -6  -5  -2  -3   0  -1

Q diagonal vector for K_71/67
-13 -16 -15 -18 -17 -14 -15 -12 -11 -14 -13 -16 -15 -12 -13 -10  -9 -12 -11 -14 -13 -10 -11  -8  -7 -10  -9 -12 -11  -8  -9  -6  -5  -8  -7 -10  -9  -6  -7  -4  -3  -6  -5  -8  -7  -4  -5  -2  -1  -4  -3  -6  -5  -2  -3   0   1  -2  -1  -4  -3   0  -1   2   3   0   1  -2  -1   2   1

Q diagonal vector for K_71/68
-22 -21 -24 -23 -20 -21 -24 -23 -26 -25 -22 -23 -26 -25 -28 -27 -24 -25 -28 -27 -30 -29 -26 -27 -30 -29 -32 -31 -28 -29 -32 -31 -34 -33 -30 -31 -34 -33 -36 -35 -32 -33 -36 -35 -38 -37 -34 -35 -38 -37 -40 -39 -36 -37 -40 -39 -42 -41 -38 -39 -42 -41 -44 -43 -40 -41 -44 -43 -46 -45 -42

Q diagonal vector for K_71/69
-30 -33 -32 -29 -28 -31 -30 -27 -26 -29 -28 -25 -24 -27 -26 -23 -22 -25 -24 -21 -20 -23 -22 -19 -18 -21 -20 -17 -16 -19 -18 -15 -14 -17 -16 -13 -12 -15 -14 -11 -10 -13 -12  -9  -8 -11 -10  -7  -6  -9  -8  -5  -4  -7  -6  -3  -2  -5  -4  -1   0  -3  -2   1   2  -1   0   3   4   1   2

Q diagonal vector for K_73/1
 72  69  70  67  68  65  66  63  64  61  62  59  60  57  58  55  56  53  54  51  52  49  50  47  48  45  46  43  44  41  42  39  40  37  38  35  36  33  34  31  32  29  30  27  28  25  26  23  24  21  22  19  20  17  18  15  16  13  14  11  12   9  10   7   8   5   6   3   4   1   2  -1   0

Q diagonal vector for K_73/2
-33 -32 -35 -34 -31 -30 -33 -32 -29 -28 -31 -30 -27 -26 -29 -28 -25 -24 -27 -26 -23 -22 -25 -24 -21 -20 -23 -22 -19 -18 -21 -20 -17 -16 -19 -18 -15 -14 -17 -16 -13 -12 -15 -14 -11 -10 -13 -12  -9  -8 -11 -10  -7  -6  -9  -8  -5  -4  -7  -6  -3  -2  -5  -4  -1   0  -3  -2   1   2  -1   0   3

Q diagonal vector for K_73/3
 26  23  24  21  22  25  24  21  22  19  20  23  22  19  20  17  18  21  20  17  18  15  16  19  18  15  16  13  14  17  16  13  14  11  12  15  14  11  12   9  10  13  12   9  10   7   8  11  10   7   8   5   6   9   8   5   6   3   4   7   6   3   4   1   2   5   4   1   2  -1   0   3   2

Q diagonal vector for K_73/4
-13 -12 -15 -14 -17 -16 -13 -14 -11 -10 -13 -12 -15 -14 -11 -12  -9  -8 -11 -10 -13 -12  -9 -10  -7  -6  -9  -8 -11 -10  -7  -8  -5  -4  -7  -6  -9  -8  -5  -6  -3  -2  -5  -4  -7  -6  -3  -4  -1   0  -3  -2  -5  -4  -1  -2   1   2  -1   0  -3  -2   1   0   3   4   1   2  -1   0   3   2   5

Q diagonal vector for K_73/6
 -5  -4  -7  -6  -9  -8 -11 -10  -7  -8  -5  -6  -3  -2  -5  -4  -7  -6  -9  -8  -5  -6  -3  -4  -1   0  -3  -2  -5  -4  -7  -6  -3  -4  -1  -2   1   2  -1   0  -3  -2  -5  -4  -1  -2   1   0   3   4   1   2  -1   0  -3  -2   1   0   3   2   5   6   3   4   1   2  -1   0   3   2   5   4   7

Q diagonal vector for K_73/7
 14  11  12   9   8  11  12   9  10   7   8  11  10  13  12   9  10   7   6   9  10   7   8   5   6   9   8  11  10   7   8   5   4   7   8   5   6   3   4   7   6   9   8   5   6   3   2   5   6   3   4   1   2   5   4   7   6   3   4   1   0   3   4   1   2  -1   0   3   2   5   4   1   2

Q diagonal vector for K_73/9
 16  13  14  11  12   9  10   7   8   5   6   9   8  11  10  13  12  15  14  11  12   9  10   7   8   5   6   3   4   7   6   9   8  11  10  13  12   9  10   7   8   5   6   3   4   1   2   5   4   7   6   9   8  11  10   7   8   5   6   3   4   1   2  -1   0   3   2   5   4   7   6   9   8

Q diagonal vector for K_73/12
  7   8   5   6   3   4   1   2  -1   0  -3  -2  -5  -4  -1  -2   1   0   3   2   5   4   7   6   9  10   7   8   5   6   3   4   1   2  -1   0  -3  -2   1   0   3   2   5   4   7   6   9   8  11  12   9  10   7   8   5   6   3   4   1   2  -1   0   3   2   5   4   7   6   9   8  11  10  13

Q diagonal vector for K_73/13
  4   1   0   3   2   5   6   3   4   7   6   3   4   1   2   5   6   3   2   5   4   1   2  -1   0   3   2  -1  -2   1   0   3   4   1   2   5   4   1   2  -1   0   3   4   1   0   3   2  -1   0  -3  -2   1   0  -3  -4  -1  -2   1   2  -1   0   3   2  -1   0  -3  -2   1   2  -1  -2   1   0

Q diagonal vector for K_73/14
 -7  -6  -9  -8  -5  -6  -9  -8 -11 -10  -7  -8 -11 -10 -13 -12  -9  -8 -11 -12  -9 -10  -7  -6  -9 -10  -7  -8  -5  -4  -7  -6  -3  -4  -7  -6  -9  -8  -5  -6  -9  -8 -11 -10  -7  -6  -9 -10  -7  -8  -5  -4  -7  -8  -5  -6  -3  -2  -5  -4  -1  -2  -5  -4  -7  -6  -3  -4  -7  -6  -9  -8  -5

Q diagonal vector for K_73/15
  7   4   3   6   5   2   1   4   3   0  -1   2   1  -2  -1  -4  -3   0   1  -2  -1   2   3   0   1   4   5   2   3   6   5   2   1   4   3   0  -1   2   1  -2  -3   0  -1  -4  -3  -6  -5  -2  -1  -4  -3   0   1  -2  -1   2   3   0   1   4   3   0  -1   2   1  -2  -3   0  -1  -4  -5  -2  -3

Q diagonal vector for K_73/17
  9   6   5   8   7   4   5   2   3   6   7   4   3   6   5   2   3   0   1   4   5   2   3   6   5   2   1   4   3   6   7   4   5   8   7   4   3   6   5   2   3   0   1   4   5   2   1   4   3   0   1  -2  -1   2   3   0   1   4   3   0  -1   2   1   4   5   2   3   6   5   2   1   4   3

Q diagonal vector for K_73/18
 15  16  13  14  11  12   9  10   7   8   5   6   3   4   1   2  -1   0  -3  -2   1   0   3   2   5   4   7   6   9   8  11  10  13  12  15  14  17  18  15  16  13  14  11  12   9  10   7   8   5   6   3   4   1   2  -1   0   3   2   5   4   7   6   9   8  11  10  13  12  15  14  17  16  19

Q diagonal vector for K_73/20
 -2  -3   0  -1   2   1   4   3   0   1  -2  -1  -4  -3   0  -1   2   1   4   5   2   3   0   1  -2  -1  -4  -5  -2  -3   0  -1   2   3   0   1  -2  -1  -4  -3   0  -1   2   1   4   3   6   5   2   3   0   1  -2  -1   2   1   4   3   6   7   4   5   2   3   0   1  -2  -3   0  -1   2   1   4

Q diagonal vector for K_73/21
 12   9  10   7   8   5   6   3   4   1   2   5   4   7   6   9   8  11  10  13  14  11  12   9  10   7   8   5   6   3   4   1   0   3   2   5   4   7   6   9   8  11  10   7   8   5   6   3   4   1   2  -1   0   3   2   5   4   7   6   9   8  11  12   9  10   7   8   5   6   3   4   1   2

Q diagonal vector for K_73/26
  5   6   3   4   1   0   3   2   5   4   7   8   5   6   3   2   5   4   7   6   9  10   7   8   5   6   3   4   7   6   9   8   5   6   3   4   1   2   5   4   7   6   3   4   1   2  -1   0   3   2   5   4   7   8   5   6   3   2   5   4   7   6   9  10   7   8   5   4   7   6   9   8  11

Q diagonal vector for K_73/31
  6   3   4   7   8   5   6   9  10   7   8   5   4   7   6   3   2   5   4   1   0   3   4   1   2   5   6   3   4   7   8   5   6   3   2   5   4   1   0   3   2  -1   0   3   4   1   2   5   6   3   4   7   6   9   8   5   4   7   6   3   2   5   4   1   2   5   6   3   4   7   8   5   6

Q diagonal vector for K_73/33
  8   5   6   9  10   7   8   5   4   7   6   3   2   5   6   3   4   7   8   5   6   3   2   5   4   1   0   3   4   1   2   5   6   3   4   1   0   3   2  -1   0   3   4   1   2   5   4   7   6   3   2   5   4   1   2   5   6   3   4   7   6   9   8   5   4   7   6   3   4   7   8   5   6

Q diagonal vector for K_73/36
 35  36  33  34  31  32  29  30  27  28  25  26  23  24  21  22  19  20  17  18  15  16  13  14  11  12   9  10   7   8   5   6   3   4   1   2  -1   0   3   2   5   4   7   6   9   8  11  10  13  12  15  14  17  16  19  18  21  20  23  22  25  24  27  26  29  28  31  30  33  32  35  34  37

Q diagonal vector for K_73/38
 13  12  15  14  11  12  15  14  17  16  13  14  17  16  19  18  15  16  19  18  21  20  17  18  21  20  23  22  19  20  23  22  25  24  21  22  25  26  23  24  21  20  23  24  21  22  19  18  21  22  19  20  17  16  19  20  17  18  15  14  17  18  15  16  13  12  15  16  13  14  11  10  13

Q diagonal vector for K_73/39
 12   9  10   7   8  11  10  13  12  15  14  11  12   9  10  13  12  15  14  17  16  13  14  11  12  15  14  17  16  19  18  15  16  13  14  17  16  19  20  17  18  15  16  13  12  15  14  17  18  15  16  13  14  11  10  13  12  15  16  13  14  11  12   9   8  11  10  13  14  11  12   9  10

Q diagonal vector for K_73/41
  0  -3  -2  -5  -6  -3  -4  -1  -2   1   2  -1   0  -3  -2   1   0   3   2  -1   0  -3  -4  -1  -2   1   0   3   4   1   2  -1   0   3   2   5   4   1   2  -1   0  -3  -2   1   0   3   4   1   2  -1  -2   1   0   3   2  -1   0  -3  -2  -5  -4  -1  -2   1   2  -1   0  -3  -4  -1  -2   1   0

Q diagonal vector for K_73/43
  6   3   4   1   2   5   4   7   8   5   6   3   4   7   6   9   8  11  10   7   8   5   4   7   6   9   8   5   6   3   4   7   6   9  10   7   8   5   6   9   8  11  12   9  10   7   8   5   4   7   6   9   8   5   6   3   2   5   4   7   8   5   6   3   4   7   6   9  10   7   8   5   6

Q diagonal vector for K_73/44
 15  14  17  16  19  18  21  20  23  22  25  24  27  26  29  28  25  26  23  24  21  22  19  20  17  18  15  16  13  14  17  16  19  18  21  20  23  22  25  24  27  26  29  30  27  28  25  26  23  24  21  22  19  20  17  18  15  16  13  12  15  14  17  16  19  18  21  20  23  22  25  24  27

Q diagonal vector for K_73/45
  8   5   6   3   4   1   0   3   2   5   4   7   6   3   4   1   2   5   4   7   6   9  10   7   8   5   6   3   4   7   6   9   8  11  10   7   8   5   6   3   2   5   4   7   8   5   6   3   4   1   2   5   4   7   6   9  10   7   8   5   6   3   2   5   4   7   6   9   8   5   6   3   4

Q diagonal vector for K_73/46
  5   4   7   6   3   4   7   6   9   8   5   4   7   8   5   6   3   2   5   4   1   2   5   4   7   6   3   4   7   8   5   6   3   2   5   6   3   4   7   6   9   8   5   6   9  10   7   8   5   4   7   8   5   6   3   2   5   4   1   2   5   4   7   6   3   2   5   6   3   4   1   0   3

Q diagonal vector for K_73/48
  3   2   5   4   1   0   3   2  -1  -2   1   0  -3  -4  -1  -2  -5  -6  -3  -4  -7  -8  -5  -6  -9  -8  -5  -4  -7  -6  -3  -2  -5  -4  -1   0  -3  -2   1   2  -1   0   3   4   1   2   5   6   3   4   1   0   3   2  -1  -2   1   0  -3  -4  -1  -2  -5  -6  -3  -4  -7  -8  -5  -6  -9 -10  -7

Q diagonal vector for K_73/49
 46  43  44  41  42  39  40  37  38  35  36  33  34  31  32  29  30  27  28  25  26  23  24  21  22  25  24  27  26  29  28  31  30  33  32  35  34  37  36  39  38  41  40  43  42  45  44  47  48  45  46  43  44  41  42  39  40  37  38  35  36  33  34  31  32  29  30  27  28  25  26  23  24

Q diagonal vector for K_73/50
 -4  -5  -2  -1  -4  -3  -6  -5  -2  -3   0   1  -2  -1  -4  -3   0  -1   2   3   0   1  -2  -1   2   1   4   3   0   1  -2  -3   0  -1   2   1  -2  -1  -4  -5  -2  -3   0  -1  -4  -3  -6  -7  -4  -3  -6  -5  -8  -7  -4  -5  -2  -1  -4  -3  -6  -5  -2  -3   0   1  -2  -1  -4  -3   0  -1   2

Q diagonal vector for K_73/51
  1  -2  -1  -4  -3  -6  -5  -8  -7  -4  -5  -2  -3   0  -1  -4  -3  -6  -5  -8  -7 -10  -9  -6  -7  -4  -5  -2  -3   0   1  -2  -1  -4  -3  -6  -7  -4  -5  -2  -3   0  -1   2   3   0   1  -2  -1  -4  -3  -6  -5  -2  -3   0  -1   2   1  -2  -1  -4  -3  -6  -5  -8  -7  -4  -5  -2  -3   0  -1

Q diagonal vector for K_73/54
 -4  -5  -2  -1  -4  -3  -6  -7  -4  -3  -6  -5  -8  -9  -6  -5  -8  -7 -10  -9  -6  -7  -4  -5  -8  -7  -4  -5  -2  -3  -6  -5  -2  -3   0  -1  -4  -3  -6  -7  -4  -3  -6  -5  -8  -9  -6  -5  -8  -7 -10 -11  -8  -7 -10  -9 -12 -11  -8  -9  -6  -7 -10  -9  -6  -7  -4  -5  -8  -7  -4  -5  -2

Q diagonal vector for K_73/57
 -2  -5  -6  -3  -4  -7  -8  -5  -6  -3  -2  -5  -4  -1   0  -3  -2   1   0  -3  -4  -1  -2  -5  -4  -7  -6  -3  -2  -5  -4  -1   0  -3  -4  -1  -2  -5  -6  -3  -4  -1   0  -3  -2   1   2  -1   0   3   2  -1  -2   1   0  -3  -2  -5  -4  -1   0  -3  -2   1   2  -1  -2   1   0  -3  -4  -1  -2

Q diagonal vector for K_73/62
 -2  -1  -4  -5  -2  -3   0  -1  -4  -3  -6  -5  -2  -3   0   1  -2  -1  -4  -3   0  -1  -4  -3  -6  -7  -4  -5  -2  -3  -6  -5  -8  -7  -4  -5  -2  -1  -4  -3  -6  -5  -2  -3  -6  -5  -8  -9  -6  -7  -4  -5  -8  -7 -10  -9  -6  -7  -4  -3  -6  -5  -8  -7  -4  -5  -8  -7 -10 -11  -8  -9  -6

Q diagonal vector for K_73/63
  1  -2  -1  -4  -3   0  -1  -4  -3  -6  -5  -2  -3   0   1  -2  -3   0  -1   2   3   0   1  -2  -1   2   1  -2  -1  -4  -3   0  -1   2   3   0  -1   2   1   4   5   2   3   0   1   4   3   0   1  -2  -1   2   1   4   5   2   1   4   3   6   7   4   5   2   3   6   5   2   3   0   1   4   3

Q diagonal vector for K_73/65
  8   5   6   3   4   1   2  -1   0   3   2   5   4   7   6   9  10   7   8   5   6   3   4   1   2   5   4   7   6   9   8  11  12   9  10   7   8   5   6   3   4   7   6   9   8  11  10  13  14  11  12   9  10   7   8   5   6   9   8  11  10  13  12  15  16  13  14  11  12   9  10   7   8

Q diagonal vector for K_73/68
 -9 -10  -7  -8 -11 -10  -7  -6  -9  -8 -11 -12  -9 -10 -13 -12  -9  -8 -11 -10 -13 -14 -11 -12 -15 -14 -11 -10 -13 -12 -15 -16 -13 -14 -17 -16 -13 -12 -15 -14 -17 -18 -15 -16 -19 -18 -15 -14 -17 -16 -19 -20 -17 -18 -21 -20 -17 -16 -19 -18 -21 -22 -19 -20 -23 -22 -19 -18 -21 -20 -23 -24 -21

Q diagonal vector for K_75/1
 74  71  72  69  70  67  68  65  66  63  64  61  62  59  60  57  58  55  56  53  54  51  52  49  50  47  48  45  46  43  44  41  42  39  40  37  38  35  36  33  34  31  32  29  30  27  28  25  26  23  24  21  22  19  20  17  18  15  16  13  14  11  12   9  10   7   8   5   6   3   4   1   2  -1   0

Q diagonal vector for K_75/4
-15 -16 -13 -12 -15 -14 -17 -16 -13 -14 -11 -10 -13 -12 -15 -14 -11 -12  -9  -8 -11 -10 -13 -12  -9 -10  -7  -6  -9  -8 -11 -10  -7  -8  -5  -4  -7  -6  -9  -8  -5  -6  -3  -2  -5  -4  -7  -6  -3  -4  -1   0  -3  -2  -5  -4  -1  -2   1   2  -1   0  -3  -2   1   0   3   4   1   2  -1   0   3   2   5

Q diagonal vector for K_75/7
 13  10   9  12  11   8   9   6   7  10  11   8   9  12  11   8   7  10   9   6   7   4   5   8   9   6   7  10   9   6   5   8   7   4   5   2   3   6   7   4   5   8   7   4   3   6   5   2   3   0   1   4   5   2   3   6   5   2   1   4   3   0   1  -2  -1   2   3   0   1   4   3   0  -1   2   1

Q diagonal vector for K_75/8
 -9  -8 -11 -10  -7  -8 -11 -10 -13 -12  -9  -8 -11 -12  -9 -10  -7  -6  -9  -8  -5  -6  -9  -8 -11 -10  -7  -6  -9 -10  -7  -8  -5  -4  -7  -6  -3  -4  -7  -6  -9  -8  -5  -4  -7  -8  -5  -6  -3  -2  -5  -4  -1  -2  -5  -4  -7  -6  -3  -2  -5  -6  -3  -4  -1   0  -3  -2   1   0  -3  -2  -5  -4  -1

Q diagonal vector for K_75/11
  9   6   5   8   7   4   3   6   5   2   3   0   1   4   5   2   3   6   7   4   5   8   7   4   3   6   5   2   1   4   3   0   1  -2  -1   2   3   0   1   4   5   2   3   6   5   2   1   4   3   0  -1   2   1  -2  -1  -4  -3   0   1  -2  -1   2   3   0   1   4   3   0  -1   2   1  -2  -3   0  -1

Q diagonal vector for K_75/14
 -3  -2  -5  -4  -7  -6  -3  -4  -1  -2  -5  -4  -7  -6  -9  -8  -5  -6  -3  -2  -5  -4  -7  -8  -5  -6  -3  -4  -1   0  -3  -2  -5  -4  -1  -2   1   0  -3  -2  -5  -4  -7  -6  -3  -4  -1   0  -3  -2  -5  -6  -3  -4  -1  -2   1   2  -1   0  -3  -2   1   0   3   2  -1   0  -3  -2  -5  -4  -1  -2   1

Q diagonal vector for K_75/16
  3   4   1   2  -1  -2   1   0   3   2   5   6   3   4   1   2  -1   0   3   2   5   4   1   2  -1   0  -3  -2   1   0   3   2   5   6   3   4   1   0   3   2   5   4   7   8   5   6   3   4   1   2   5   4   7   6   3   4   1   2  -1   0   3   2   5   4   7   8   5   6   3   2   5   4   7   6   9

Q diagonal vector for K_75/17
 10   7   8   5   6   9   8   5   6   3   2   5   4   7   8   5   6   3   4   7   6   3   4   1   2   5   4   7   8   5   4   7   6   9   8   5   6   3   4   7   6   3   4   1   0   3   2   5   6   3   4   1   2   5   4   1   2  -1   0   3   2   5   6   3   2   5   4   7   6   3   4   1   2   5   4

Q diagonal vector for K_75/28
  9  10   7   8   5   6   3   4   1   0   3   2   5   4   7   6   9   8  11  12   9  10   7   8   5   6   3   4   1   2   5   4   7   6   9   8  11  10   7   8   5   6   3   4   1   2  -1   0   3   2   5   4   7   6   9   8  11  12   9  10   7   8   5   6   3   2   5   4   7   6   9   8  11  10  13

Q diagonal vector for K_75/37
 38  35  36  33  34  31  32  29  30  27  28  25  26  23  24  21  22  19  20  17  18  15  16  13  14  11  12   9  10   7   8   5   6   3   4   1   2  -1   0   3   2   5   4   7   6   9   8  11  10  13  12  15  14  17  16  19  18  21  20  23  22  25  24  27  26  29  28  31  30  33  32  35  34  37  36

Q diagonal vector for K_75/41
 14  11  12   9  10   7   8  11  10  13  12  15  14  17  16  13  14  11  12   9  10  13  12  15  14  17  16  19  18  15  16  13  14  11  12  15  14  17  16  19  20  17  18  15  16  13  14  11  10  13  12  15  14  17  18  15  16  13  14  11  12   9   8  11  10  13  12  15  16  13  14  11  12   9  10

Q diagonal vector for K_75/43
 20  17  18  15  16  13  14  11  12   9  10  13  12  15  14  17  16  19  18  21  20  23  22  19  20  17  18  15  16  13  14  11  12  15  14  17  16  19  18  21  20  23  24  21  22  19  20  17  18  15  16  13  14  11  10  13  12  15  14  17  16  19  18  21  22  19  20  17  18  15  16  13  14  11  12

Q diagonal vector for K_75/44
  4   3   6   5   2   3   6   7   4   5   2   1   4   3   0   1   4   3   6   5   2   1   4   5   2   3   6   5   8   7   4   5   8   9   6   7   4   3   6   5   2   3   6   7   4   5   2   1   4   5   2   3   6   5   8   7   4   3   6   7   4   5   2   1   4   3   0   1   4   5   2   3   0  -1   2

Q diagonal vector for K_75/46
  5   4   7   6   3   2   5   6   3   4   7   6   9   8   5   4   7   6   3   4   7   8   5   6   3   2   5   4   1   2   5   6   3   4   7   6   9   8   5   4   7   8   5   6   9  10   7   8   5   4   7   6   3   4   7   8   5   6   3   2   5   4   1   0   3   4   1   2   5   4   7   6   3   2   5

Q diagonal vector for K_75/49
-12 -15 -16 -13 -14 -11 -10 -13 -14 -11 -12  -9  -8 -11 -12  -9 -10  -7  -6  -9 -10  -7  -8  -5  -4  -7  -6  -3  -4  -7  -6  -9  -8  -5  -6  -9  -8 -11 -10  -7  -8 -11 -10 -13 -12  -9 -10 -13 -12 -15 -14 -11 -10 -13 -14 -11 -12  -9  -8 -11 -12  -9 -10  -7  -6  -9 -10  -7  -8  -5  -4  -7  -8  -5  -6

Q diagonal vector for K_75/52
  0  -1   2   1   4   5   2   3   0   1  -2  -1   2   1   4   3   6   7   4   5   2   3   0   1   4   3   6   5   8   7   4   5   2   3   0  -1   2   1   4   3   6   5   2   3   0   1  -2  -3   0  -1   2   3   0   1  -2  -1  -4  -3   0  -1   2   1   4   5   2   3   0   1  -2  -1   2   1   4   3   6

Q diagonal vector for K_75/53
  8   5   6   3   4   7   6   9  10   7   8   5   6   3   2   5   4   7   6   3   4   1   2   5   4   7   8   5   6   3   4   7   6   9   8  11  10   7   8   5   4   7   6   9  10   7   8   5   6   9   8  11  12   9  10   7   8   5   4   7   6   9   8   5   6   3   4   7   6   9  10   7   8   5   6

Q diagonal vector for K_75/56
-18 -17 -20 -19 -22 -21 -24 -23 -26 -25 -28 -27 -30 -29 -32 -31 -34 -33 -36 -35 -32 -33 -30 -31 -28 -29 -26 -27 -24 -25 -22 -23 -20 -21 -18 -19 -16 -17 -20 -19 -22 -21 -24 -23 -26 -25 -28 -27 -30 -29 -32 -31 -34 -33 -36 -35 -38 -37 -34 -35 -32 -33 -30 -31 -28 -29 -26 -27 -24 -25 -22 -23 -20 -21 -18

Q diagonal vector for K_75/62
 -4  -5  -2  -1  -4  -3  -6  -7  -4  -3  -6  -5  -8  -7  -4  -5  -2  -3  -6  -5  -2  -3   0  -1  -4  -3  -6  -7  -4  -3  -6  -5  -8  -9  -6  -5  -8  -7 -10  -9  -6  -7  -4  -5  -8  -7  -4  -5  -2  -3  -6  -5  -8  -9  -6  -5  -8  -7 -10 -11  -8  -7 -10  -9 -12 -11  -8  -9  -6  -7 -10  -9  -6  -7  -4

Q diagonal vector for K_75/73
-32 -35 -34 -31 -30 -33 -32 -29 -28 -31 -30 -27 -26 -29 -28 -25 -24 -27 -26 -23 -22 -25 -24 -21 -20 -23 -22 -19 -18 -21 -20 -17 -16 -19 -18 -15 -14 -17 -16 -13 -12 -15 -14 -11 -10 -13 -12  -9  -8 -11 -10  -7  -6  -9  -8  -5  -4  -7  -6  -3  -2  -5  -4  -1   0  -3  -2   1   2  -1   0   3   4   1   2

Q diagonal vector for K_77/1
 76  73  74  71  72  69  70  67  68  65  66  63  64  61  62  59  60  57  58  55  56  53  54  51  52  49  50  47  48  45  46  43  44  41  42  39  40  37  38  35  36  33  34  31  32  29  30  27  28  25  26  23  24  21  22  19  20  17  18  15  16  13  14  11  12   9  10   7   8   5   6   3   4   1   2  -1   0

Q diagonal vector for K_77/2
-35 -34 -37 -36 -33 -32 -35 -34 -31 -30 -33 -32 -29 -28 -31 -30 -27 -26 -29 -28 -25 -24 -27 -26 -23 -22 -25 -24 -21 -20 -23 -22 -19 -18 -21 -20 -17 -16 -19 -18 -15 -14 -17 -16 -13 -12 -15 -14 -11 -10 -13 -12  -9  -8 -11 -10  -7  -6  -9  -8  -5  -4  -7  -6  -3  -2  -5  -4  -1   0  -3  -2   1   2  -1   0   3

Q diagonal vector for K_77/5
 16  13  14  17  18  15  16  13  12  15  14  11  12  15  16  13  14  11  10  13  12   9  10  13  14  11  12   9   8  11  10   7   8  11  12   9  10   7   6   9   8   5   6   9  10   7   8   5   4   7   6   3   4   7   8   5   6   3   2   5   4   1   2   5   6   3   4   1   0   3   2  -1   0   3   4   1   2

Q diagonal vector for K_77/6
 -9 -10  -7  -8  -5  -4  -7  -6  -9  -8 -11 -10  -7  -8  -5  -6  -3  -2  -5  -4  -7  -6  -9  -8  -5  -6  -3  -4  -1   0  -3  -2  -5  -4  -7  -6  -3  -4  -1  -2   1   2  -1   0  -3  -2  -5  -4  -1  -2   1   0   3   4   1   2  -1   0  -3  -2   1   0   3   2   5   6   3   4   1   2  -1   0   3   2   5   4   7

Q diagonal vector for K_77/8
 -8  -9  -6  -7 -10  -9  -6  -5  -8  -7 -10 -11  -8  -7 -10  -9  -6  -7  -4  -5  -8  -7  -4  -3  -6  -5  -8  -9  -6  -5  -8  -7  -4  -5  -2  -3  -6  -5  -2  -1  -4  -3  -6  -7  -4  -3  -6  -5  -2  -3   0  -1  -4  -3   0   1  -2  -1  -4  -5  -2  -1  -4  -3   0  -1   2   1  -2  -1   2   3   0   1  -2  -3   0

Q diagonal vector for K_77/12
 -2  -1  -4  -3   0   1  -2  -3   0  -1  -4  -3  -6  -5  -2  -1  -4  -3   0  -1  -4  -5  -2  -3   0   1  -2  -1   2   3   0  -1   2   1  -2  -1  -4  -3   0   1  -2  -1   2   1  -2  -3   0  -1   2   3   0   1   4   5   2   1   4   3   0   1  -2  -1   2   3   0   1   4   3   0  -1   2   1   4   5   2   3   6

Q diagonal vector for K_77/16
  1   2  -1  -2   1   0   3   4   1   0   3   2   5   6   3   4   1   2   5   4   1   2  -1   0   3   2  -1   0  -3  -2   1   0   3   4   1   0   3   2   5   6   3   2   5   4   7   8   5   6   3   4   7   6   3   4   1   2   5   4   1   2  -1   0   3   2   5   6   3   2   5   4   7   8   5   4   7   6   9

Q diagonal vector for K_77/19
 22  19  20  17  18  15  16  13  14  11  12   9  10   7   8   5   6   3   4   1   2   5   4   7   6   9   8  11  10  13  12  15  14  17  16  19  18  21  20  17  18  15  16  13  14  11  12   9  10   7   8   5   6   3   4   1   2  -1   0   3   2   5   4   7   6   9   8  11  10  13  12  15  14  17  16  19  18

Q diagonal vector for K_77/20
 -6  -7  -4  -5  -8  -7  -4  -5  -2  -3  -6  -5  -2  -3   0  -1  -4  -3   0   1  -2  -1  -4  -5  -2  -1  -4  -3  -6  -7  -4  -3  -6  -5  -8  -9  -6  -5  -8  -7  -4  -5  -2  -3  -6  -5  -2  -3   0  -1  -4  -3   0  -1   2   1  -2  -1   2   3   0   1  -2  -3   0   1  -2  -1  -4  -5  -2  -1  -4  -3  -6  -7  -4

Q diagonal vector for K_77/23
 10   7   8   5   6   3   4   1   2   5   4   7   6   9   8  11  12   9  10   7   8   5   6   3   4   7   6   9   8  11  10   7   8   5   6   3   4   1   0   3   2   5   4   7   6   9   8   5   6   3   4   1   2  -1   0   3   2   5   4   7   6   9  10   7   8   5   6   3   4   1   2   5   4   7   6   9   8

Q diagonal vector for K_77/24
 -3  -2  -5  -4  -7  -6  -3  -4  -1  -2  -5  -4  -7  -6  -9  -8  -5  -6  -3  -4  -7  -6  -9  -8 -11 -10  -7  -8  -5  -4  -7  -6  -9 -10  -7  -8  -5  -6  -3  -2  -5  -4  -7  -8  -5  -6  -3  -4  -1   0  -3  -2  -5  -4  -1  -2   1   0  -3  -2  -5  -4  -7  -6  -3  -4  -1  -2  -5  -4  -7  -6  -9  -8  -5  -6  -3

Q diagonal vector for K_77/25
  4   1   2   5   6   3   4   7   8   5   6   9  10   7   8  11  12   9  10  13  14  11  12  15  16  13  14  11  10  13  12   9   8  11  10   7   6   9   8   5   4   7   6   3   2   5   4   1   0   3   2  -1   0   3   4   1   2   5   6   3   4   7   8   5   6   9  10   7   8  11  12   9  10  13  14  11  12

Q diagonal vector for K_77/26
  1   0   3   2   5   4   7   6   9   8  11  10  13  12  15  14  17  16  19  18  21  20  23  22  25  26  23  24  21  22  19  20  17  18  15  16  13  14  11  12   9  10   7   8   5   6   3   4   1   2  -1   0   3   2   5   4   7   6   9   8  11  10  13  12  15  14  17  16  19  18  21  20  23  22  25  24  27

Q diagonal vector for K_77/31
 18  15  16  13  14  11  12   9  10   7   8   5   6   3   4   1   0   3   2   5   4   7   6   9   8  11  10  13  12  15  16  13  14  11  12   9  10   7   8   5   6   3   4   1   2  -1   0   3   2   5   4   7   6   9   8  11  10  13  12  15  14  17  16  13  14  11  12   9  10   7   8   5   6   3   4   1   2

Q diagonal vector for K_77/32
  6   7   4   5   2   3   0   1   4   3   6   5   8   9   6   7   4   5   2   1   4   3   6   5   8   7   4   5   2   3   0   1  -2  -1   2   1   4   3   6   7   4   5   2   3   0   1   4   3   6   5   8   7   4   5   2   3   0  -1   2   1   4   3   6   5   8   9   6   7   4   5   2   3   6   5   8   7  10

Q diagonal vector for K_77/36
  7   6   9   8  11  12   9  10   7   8   5   4   7   6   9  10   7   8   5   6   3   2   5   4   7   8   5   6   3   4   1   0   3   2   5   6   3   4   1   2  -1   0   3   2   5   4   7   6   3   4   1   2   5   4   7   6   9   8   5   6   3   4   7   6   9   8  11  10   7   8   5   6   9   8  11  10  13

Q diagonal vector for K_77/37
 16  13  14  11  10  13  14  11  12   9   8  11  12   9  10   7   6   9  10   7   8   5   4   7   8   5   6   3   2   5   6   3   4   1   0   3   4   1   2  -1   0   3   2   5   4   1   2   5   4   7   6   3   4   7   6   9   8   5   6   9   8  11  10   7   8  11  10  13  12   9  10  13  12  15  14  11  12

Q diagonal vector for K_77/38
 37  38  35  36  33  34  31  32  29  30  27  28  25  26  23  24  21  22  19  20  17  18  15  16  13  14  11  12   9  10   7   8   5   6   3   4   1   2  -1   0   3   2   5   4   7   6   9   8  11  10  13  12  15  14  17  16  19  18  21  20  23  22  25  24  27  26  29  28  31  30  33  32  35  34  37  36  39

Q diagonal vector for K_77/43
  2  -1  -2   1   0  -3  -4  -1  -2   1   2  -1   0   3   4   1   2   5   4   1   0   3   2  -1  -2   1   0   3   4   1   2   5   6   3   4   7   6   3   2   5   4   1   2  -1   0   3   4   1   2   5   6   3   2   5   4   1   0   3   2  -1   0  -3  -2   1   2  -1   0   3   4   1   0   3   2  -1  -2   1   0

Q diagonal vector for K_77/47
 -2  -5  -4  -7  -8  -5  -6  -3  -4  -7  -6  -9 -10  -7  -8  -5  -6  -3  -2  -5  -4  -7  -6  -3  -4  -1   0  -3  -2  -5  -4  -1  -2   1   0  -3  -2  -5  -6  -3  -4  -1  -2  -5  -4  -7  -6  -9  -8  -5  -6  -3  -2  -5  -4  -7  -6  -3  -4  -1   0  -3  -2  -5  -6  -3  -4  -1  -2  -5  -4  -7  -8  -5  -6  -3  -4

Q diagonal vector for K_77/48
 -4  -3  -6  -5  -8  -7 -10  -9 -12 -13 -10 -11  -8  -9  -6  -7  -4  -5  -2  -3  -6  -5  -8  -7 -10  -9 -12 -11 -14 -13 -10 -11  -8  -9  -6  -7  -4  -5  -2  -1  -4  -3  -6  -5  -8  -7 -10  -9 -12 -11  -8  -9  -6  -7  -4  -5  -2  -3  -6  -5  -8  -7 -10  -9 -12 -11 -14 -15 -12 -13 -10 -11  -8  -9  -6  -7  -4

Q diagonal vector for K_77/50
  2   3   0  -1   2   1   4   3   0   1  -2  -3   0  -1   2   1  -2  -1  -4  -5  -2  -3   0  -1  -4  -3  -6  -5  -2  -3   0   1  -2  -1  -4  -3   0  -1   2   3   0   1  -2  -1   2   1   4   5   2   3   0   1   4   3   0   1  -2  -3   0  -1   2   1  -2  -1  -4  -5  -2  -3   0  -1  -4  -3  -6  -7  -4  -5  -2

Q diagonal vector for K_77/59
  0  -3  -4  -1  -2   1   2  -1   0   3   2  -1  -2   1   0   3   4   1   2   5   4   1   2  -1   0   3   4   1   0   3   2  -1   0  -3  -2   1   2  -1  -2   1   0   3   4   1   2   5   4   1   0   3   2   5   6   3   4   7   6   3   4   1   2   5   6   3   2   5   4   1   2  -1   0   3   4   1   0   3   2

Q diagonal vector for K_77/60
  7   6   9   8  11  10  13  12  15  14  11  12   9  10   7   8   5   6   9   8  11  10  13  12  15  16  13  14  11  12   9  10   7   8   5   4   7   6   9   8  11  10  13  12   9  10   7   8   5   6   3   4   7   6   9   8  11  10  13  14  11  12   9  10   7   8   5   6   3   2   5   4   7   6   9   8  11

Q diagonal vector for K_77/62
-10  -9 -12 -11  -8  -7 -10  -9  -6  -5  -8  -7  -4  -3  -6  -5  -2  -3  -6  -7  -4  -5  -8  -9  -6  -7 -10 -11  -8  -9 -12 -11 -14 -13 -10  -9 -12 -11  -8  -7 -10  -9  -6  -5  -8  -7  -4  -5  -8  -9  -6  -7 -10 -11  -8  -9 -12 -13 -10 -11 -14 -13 -16 -15 -12 -11 -14 -13 -10  -9 -12 -11  -8  -7 -10  -9  -6

Q diagonal vector for K_77/64
-14 -13 -16 -15 -18 -17 -20 -19 -22 -21 -24 -23 -26 -25 -22 -23 -20 -21 -18 -19 -16 -17 -14 -15 -12 -13 -16 -15 -18 -17 -20 -19 -22 -21 -24 -23 -26 -25 -28 -27 -24 -25 -22 -23 -20 -21 -18 -19 -16 -17 -14 -15 -18 -17 -20 -19 -22 -21 -24 -23 -26 -25 -28 -27 -30 -29 -26 -27 -24 -25 -22 -23 -20 -21 -18 -19 -16

Q diagonal vector for K_77/67
  1  -2  -1  -4  -5  -2  -1  -4  -3  -6  -5  -2  -3   0  -1  -4  -3   0  -1   2   3   0   1  -2  -3   0   1  -2  -1  -4  -3   0  -1   2   1  -2  -1   2   1   4   5   2   3   0  -1   2   3   0   1  -2  -1   2   1   4   3   0   1   4   3   6   7   4   5   2   1   4   5   2   3   0   1   4   3   6   5   2   3

Q diagonal vector for K_77/68
 -1  -2   1   0   3   2  -1   0  -3  -2   1   0   3   4   1   2  -1   0  -3  -4  -1  -2   1   0  -3  -2  -5  -4  -1  -2   1   2  -1   0  -3  -2  -5  -6  -3  -4  -1  -2  -5  -4  -7  -6  -3  -4  -1   0  -3  -2  -5  -4  -7  -8  -5  -6  -3  -4  -7  -6  -9  -8  -5  -6  -3  -2  -5  -4  -7  -6  -9 -10  -7  -8  -5

Q diagonal vector for K_77/73
-10 -13 -12 -15 -14 -11 -12  -9  -8 -11 -10 -13 -12  -9 -10  -7  -6  -9  -8 -11 -10  -7  -8  -5  -4  -7  -6  -9  -8  -5  -6  -3  -2  -5  -4  -7  -6  -3  -4  -1   0  -3  -2  -5  -4  -1  -2   1   2  -1   0  -3  -2   1   0   3   4   1   2  -1   0   3   2   5   6   3   4   1   2   5   4   7   8   5   6   3   4

Q diagonal vector for K_77/74
-24 -23 -26 -25 -22 -23 -26 -25 -28 -27 -24 -25 -28 -27 -30 -29 -26 -27 -30 -29 -32 -31 -28 -29 -32 -31 -34 -33 -30 -31 -34 -33 -36 -35 -32 -33 -36 -35 -38 -37 -34 -35 -38 -37 -40 -39 -36 -37 -40 -39 -42 -41 -38 -39 -42 -41 -44 -43 -40 -41 -44 -43 -46 -45 -42 -43 -46 -45 -48 -47 -44 -45 -48 -47 -50 -49 -46

Q diagonal vector for K_79/1
 78  75  76  73  74  71  72  69  70  67  68  65  66  63  64  61  62  59  60  57  58  55  56  53  54  51  52  49  50  47  48  45  46  43  44  41  42  39  40  37  38  35  36  33  34  31  32  29  30  27  28  25  26  23  24  21  22  19  20  17  18  15  16  13  14  11  12   9  10   7   8   5   6   3   4   1   2  -1   0

Q diagonal vector for K_79/3
 28  25  26  23  24  27  26  23  24  21  22  25  24  21  22  19  20  23  22  19  20  17  18  21  20  17  18  15  16  19  18  15  16  13  14  17  16  13  14  11  12  15  14  11  12   9  10  13  12   9  10   7   8  11  10   7   8   5   6   9   8   5   6   3   4   7   6   3   4   1   2   5   4   1   2  -1   0   3   2

Q diagonal vector for K_79/12
 -1  -2   1   0  -3  -4  -1   0  -3  -2   1   2  -1   0  -3  -4  -1  -2  -5  -4  -1   0  -3  -2   1   0   3   2  -1  -2   1   2  -1   0   3   4   1   2  -1  -2   1   0  -3  -2   1   2  -1   0   3   2   5   4   1   0   3   4   1   2   5   6   3   4   1   0   3   2  -1   0   3   4   1   2   5   4   7   6   3   2   5

Q diagonal vector for K_79/13
 18  15  16  13  14  11  12   9  10   7   8   5   6   3   4   7   6   9   8  11  10  13  12  15  14  17  16  13  14  11  12   9  10   7   8   5   6   3   4   1   2   5   4   7   6   9   8  11  10  13  12  15  14  11  12   9  10   7   8   5   6   3   4   1   2  -1   0   3   2   5   4   7   6   9   8  11  10  13  12

Q diagonal vector for K_79/14
 -4  -5  -2  -3   0  -1  -4  -3  -6  -5  -2  -3   0   1  -2  -1  -4  -3  -6  -7  -4  -5  -2  -1  -4  -3  -6  -5  -2  -3   0  -1   2   1  -2  -1  -4  -3   0  -1   2   3   0   1  -2  -1  -4  -5  -2  -3   0   1  -2  -1  -4  -3   0  -1   2   1   4   3   0   1  -2  -1   2   1   4   5   2   3   0   1  -2  -3   0  -1   2

Q diagonal vector for K_79/16
 -1  -2   1   0   3   2   5   4   7   6   9   8  11  10  13  14  11  12   9  10   7   8   5   6   3   4   1   2  -1   0  -3  -2   1   0   3   2   5   4   7   6   9   8  11  10  13  12  15  16  13  14  11  12   9  10   7   8   5   6   3   4   1   2  -1   0   3   2   5   4   7   6   9   8  11  10  13  12  15  14  17

Q diagonal vector for K_79/19
 12   9  10   7   6   9  10   7   8   5   4   7   8   5   6   3   2   5   6   3   4   1   2   5   4   7   6   3   4   7   6   9   8   5   6   9   8  11  10   7   8   5   4   7   8   5   6   3   2   5   6   3   4   1   0   3   4   1   2  -1   0   3   2   5   4   1   2   5   4   7   6   3   4   7   6   9   8   5   6

Q diagonal vector for K_79/23
  8   5   6   3   4   7   6   3   4   1   2   5   4   7   8   5   4   7   6   9  10   7   8   5   6   9   8   5   6   3   4   7   6   3   4   1   0   3   2   5   6   3   2   5   4   7   6   3   4   1   2   5   4   1   2  -1   0   3   2   5   6   3   2   5   4   7   8   5   6   3   4   7   6   3   4   1   2   5   4

Q diagonal vector for K_79/25
  6   3   4   1   2   5   4   7   8   5   6   3   4   7   6   9  10   7   8   5   6   9   8  11  12   9  10   7   8   5   4   7   6   9   8   5   6   3   2   5   4   7   6   3   4   1   0   3   2   5   4   1   2  -1   0   3   2   5   6   3   4   1   2   5   4   7   8   5   6   3   4   7   6   9  10   7   8   5   6

Q diagonal vector for K_79/27
  5   2   1   4   3   0  -1   2   1  -2  -3   0  -1  -4  -5  -2  -3  -6  -7  -4  -5  -8  -9  -6  -7 -10  -9 -12 -11  -8  -7 -10  -9  -6  -5  -8  -7  -4  -3  -6  -5  -2  -1  -4  -3   0   1  -2  -1   2   3   0   1   4   3   0  -1   2   1  -2  -3   0  -1  -4  -5  -2  -3  -6  -7  -4  -5  -8  -9  -6  -7 -10 -11  -8  -9

Q diagonal vector for K_79/30
  2   1   4   3   0   1   4   3   6   5   2   1   4   5   2   3   0  -1   2   3   0   1   4   3   6   5   2   3   6   7   4   5   2   1   4   5   2   3   0  -1   2   1  -2  -1   2   1   4   3   0   1   4   5   2   3   0  -1   2   3   0   1   4   3   6   5   2   3   6   5   8   7   4   3   6   7   4   5   2   1   4

Q diagonal vector for K_79/31
 -3  -6  -7  -4  -5  -2  -1  -4  -5  -2  -3   0   1  -2  -3   0  -1  -4  -3  -6  -5  -2  -3  -6  -5  -8  -7  -4  -5  -8  -7 -10  -9  -6  -5  -8  -9  -6  -7  -4  -3  -6  -7  -4  -5  -2  -1  -4  -3   0  -1  -4  -3  -6  -5  -2  -3  -6  -5  -8  -7  -4  -5  -8  -9  -6  -7  -4  -3  -6  -7  -4  -5  -2  -1  -4  -5  -2  -3

Q diagonal vector for K_79/34
  3   2   5   4   7   6   9   8  11  10  13  14  11  12   9  10   7   8   5   6   3   4   1   0   3   2   5   4   7   6   9   8  11  12   9  10   7   8   5   6   3   4   1   2  -1   0   3   2   5   4   7   6   9   8  11  10  13  12   9  10   7   8   5   6   3   4   1   2   5   4   7   6   9   8  11  10  13  12  15

Q diagonal vector for K_79/36
  5   4   7   6   9   8  11  12   9  10   7   8   5   6   3   2   5   4   7   6   9  10   7   8   5   6   3   4   1   0   3   2   5   4   7   8   5   6   3   4   1   2  -1   0   3   2   5   4   7   6   9   8   5   6   3   4   1   2   5   4   7   6   9   8  11  10   7   8   5   6   3   4   7   6   9   8  11  10  13

Q diagonal vector for K_79/37
 11   8   7  10   9   6   7   4   5   8   9   6   5   8   7   4   5   2   3   6   7   4   3   6   5   2   3   0   1   4   5   2   1   4   3   0   1  -2  -1   2   3   0   1   4   3   0  -1   2   1   4   5   2   3   6   5   2   1   4   3   6   7   4   5   8   7   4   3   6   5   8   9   6   7  10   9   6   5   8   7

Q diagonal vector for K_79/39
 40  37  38  35  36  33  34  31  32  29  30  27  28  25  26  23  24  21  22  19  20  17  18  15  16  13  14  11  12   9  10   7   8   5   6   3   4   1   2  -1   0   3   2   5   4   7   6   9   8  11  10  13  12  15  14  17  16  19  18  21  20  23  22  25  24  27  26  29  28  31  30  33  32  35  34  37  36  39  38

Q diagonal vector for K_79/41
 14  11  12  15  14  17  16  13  14  17  16  19  18  15  16  19  18  21  20  17  18  21  20  23  22  19  20  23  22  25  24  21  22  25  24  27  26  23  24  27  28  25  26  23  22  25  26  23  24  21  20  23  24  21  22  19  18  21  22  19  20  17  16  19  20  17  18  15  14  17  18  15  16  13  12  15  16  13  14

Q diagonal vector for K_79/44
 11  10  13  12  15  14  17  16  19  18  15  16  13  14  11  12   9  10  13  12  15  14  17  16  19  18  21  20  17  18  15  16  13  14  11  12  15  14  17  16  19  18  21  22  19  20  17  18  15  16  13  14  11  10  13  12  15  14  17  16  19  20  17  18  15  16  13  14  11  12   9   8  11  10  13  12  15  14  17

Q diagonal vector for K_79/46
 -3  -2  -5  -4  -7  -6  -9  -8  -5  -6  -3  -4  -1  -2  -5  -4  -7  -6  -9 -10  -7  -8  -5  -6  -3  -4  -1   0  -3  -2  -5  -4  -7  -6  -3  -4  -1  -2   1   0  -3  -2  -5  -4  -7  -6  -9  -8  -5  -6  -3  -4  -1   0  -3  -2  -5  -4  -7  -8  -5  -6  -3  -4  -1  -2  -5  -4  -7  -6  -9  -8 -11 -10  -7  -8  -5  -6  -3

Q diagonal vector for K_79/47
 -2  -5  -4  -1   0  -3  -2   1   2  -1   0   3   4   1   2   5   4   7   6   3   2   5   4   1   0   3   2  -1  -2   1   0  -3  -2   1   2  -1   0   3   4   1   2   5   6   3   4   7   8   5   6   3   2   5   4   1   0   3   2  -1  -2   1   0  -3  -4  -1   0  -3  -2   1   2  -1   0   3   4   1   2   5   6   3   4

Q diagonal vector for K_79/50
  1   2  -1   0   3   2  -1  -2   1   0   3   4   1   0   3   2  -1   0  -3  -2   1   0  -3  -4  -1  -2   1   2  -1   0   3   2  -1   0  -3  -2   1   2  -1  -2   1   0   3   4   1   2   5   4   1   2  -1   0   3   4   1   0   3   2  -1   0  -3  -2   1   0  -3  -4  -1  -2   1   2  -1  -2   1   0  -3  -2  -5  -4  -1

Q diagonal vector for K_79/51
 -3  -6  -5  -2  -3   0  -1  -4  -5  -2  -1  -4  -3   0  -1   2   1  -2  -3   0   1  -2  -1   2   1   4   3   0   1   4   5   2   3   0  -1   2   1  -2  -1   2   3   0   1  -2  -3   0  -1  -4  -3   0   1  -2  -1  -4  -5  -2  -1  -4  -3   0  -1   2   1  -2  -3   0   1  -2  -1   2   1   4   3   0  -1   2   3   0   1

Q diagonal vector for K_79/53
 50  47  48  45  46  43  44  41  42  39  40  37  38  35  36  33  34  31  32  29  30  27  28  25  26  23  24  27  26  29  28  31  30  33  32  35  34  37  36  39  38  41  40  43  42  45  44  47  46  49  48  51  52  49  50  47  48  45  46  43  44  41  42  39  40  37  38  35  36  33  34  31  32  29  30  27  28  25  26

Q diagonal vector for K_79/55
  9   6   7   4   3   6   7   4   5   2   3   6   5   8   7   4   5   2   1   4   5   2   3   0   1   4   3   6   5   2   3   6   5   8   9   6   7   4   3   6   5   8   7   4   5   8   7  10  11   8   9   6   5   8   9   6   7   4   5   8   7  10   9   6   7   4   3   6   7   4   5   2   3   6   5   8   7   4   5

Q diagonal vector for K_79/57
 -1  -4  -3  -6  -7  -4  -5  -2  -3  -6  -5  -8  -7 -10  -9  -6  -7  -4  -3  -6  -5  -8  -7  -4  -5  -2  -3  -6  -5  -8  -9  -6  -7  -4  -5  -2  -1  -4  -3  -6  -5  -2  -3   0   1  -2  -1  -4  -5  -2  -3   0  -1  -4  -3  -6  -5  -8  -7  -4  -5  -2  -1  -4  -3  -6  -5  -2  -3   0  -1  -4  -3  -6  -7  -4  -5  -2  -3

Q diagonal vector for K_79/58
  0  -1   2   1   4   5   2   3   0   1  -2  -3   0  -1   2   3   0   1  -2  -1  -4  -3   0  -1   2   1   4   3   0   1  -2  -1   2   1   4   3   6   5   2   3   0   1  -2  -3   0  -1   2   3   0   1  -2  -1  -4  -5  -2  -3   0   1  -2  -1  -4  -3  -6  -5  -2  -3   0  -1   2   1  -2  -1  -4  -3   0  -1   2   1   4

Q diagonal vector for K_79/59
-15 -18 -17 -20 -19 -22 -21 -24 -23 -26 -25 -28 -27 -30 -29 -32 -31 -34 -33 -36 -35 -32 -33 -30 -31 -28 -29 -26 -27 -24 -25 -22 -23 -20 -21 -18 -19 -16 -17 -14 -13 -16 -15 -18 -17 -20 -19 -22 -21 -24 -23 -26 -25 -28 -27 -30 -29 -32 -31 -34 -33 -30 -31 -28 -29 -26 -27 -24 -25 -22 -23 -20 -21 -18 -19 -16 -17 -14 -15

Q diagonal vector for K_79/61
  1  -2  -1  -4  -3   0  -1   2   3   0  -1   2   1   4   3   0   1  -2  -1   2   1   4   5   2   3   0   1   4   3   0   1  -2  -3   0  -1   2   3   0   1  -2  -1   2   1   4   5   2   1   4   3   6   5   2   3   0   1   4   3   6   7   4   5   2   3   6   5   2   3   0  -1   2   1   4   5   2   3   0   1   4   3

Q diagonal vector for K_79/62
 -2  -1  -4  -3  -6  -7  -4  -5  -2  -3   0  -1  -4  -3  -6  -5  -8  -7  -4  -5  -2  -3   0   1  -2  -1  -4  -3  -6  -5  -2  -3   0  -1  -4  -3  -6  -5  -8  -9  -6  -7  -4  -5  -2  -3  -6  -5  -8  -7 -10  -9  -6  -7  -4  -5  -2  -1  -4  -3  -6  -5  -8  -7  -4  -5  -2  -3  -6  -5  -8  -7 -10 -11  -8  -9  -6  -7  -4

Q diagonal vector for K_79/64
 -4  -5  -2  -1  -4  -3  -6  -5  -2  -3   0   1  -2  -1  -4  -3   0  -1   2   1  -2  -1  -4  -5  -2  -3   0  -1  -4  -3  -6  -7  -4  -3  -6  -5  -8  -7  -4  -5  -2  -1  -4  -3  -6  -5  -2  -3   0  -1  -4  -3  -6  -7  -4  -5  -2  -3  -6  -5  -8  -9  -6  -5  -8  -7 -10  -9  -6  -7  -4  -3  -6  -5  -8  -7  -4  -5  -2

Q diagonal vector for K_79/68
-10  -9 -12 -11  -8  -7 -10  -9  -6  -5  -8  -7  -4  -5  -8  -9  -6  -7 -10 -11  -8  -9 -12 -11 -14 -13 -10  -9 -12 -11  -8  -7 -10  -9  -6  -7 -10 -11  -8  -9 -12 -13 -10 -11 -14 -13 -16 -15 -12 -11 -14 -13 -10  -9 -12 -11  -8  -9 -12 -13 -10 -11 -14 -15 -12 -13 -16 -15 -18 -17 -14 -13 -16 -15 -12 -11 -14 -13 -10

Q diagonal vector for K_79/69
 -9 -12 -11 -14 -13 -16 -15 -18 -17 -20 -19 -16 -17 -14 -15 -12 -13 -10 -11  -8  -7 -10  -9 -12 -11 -14 -13 -16 -15 -18 -17 -14 -15 -12 -13 -10 -11  -8  -9  -6  -5  -8  -7 -10  -9 -12 -11 -14 -13 -16 -15 -12 -13 -10 -11  -8  -9  -6  -7  -4  -3  -6  -5  -8  -7 -10  -9 -12 -11 -14 -13 -10 -11  -8  -9  -6  -7  -4  -5

Q diagonal vector for K_79/70
 -3  -4  -1  -2  -5  -6  -3  -4  -7  -6  -3  -2  -5  -4  -1   0  -3  -2  -5  -6  -3  -4  -7  -8  -5  -6  -9  -8  -5  -4  -7  -6  -3  -2  -5  -4  -7  -8  -5  -6  -9 -10  -7  -8 -11 -10  -7  -6  -9  -8  -5  -4  -7  -6  -9 -10  -7  -8 -11 -12  -9 -10 -13 -12  -9  -8 -11 -10  -7  -6  -9  -8 -11 -12  -9 -10 -13 -14 -11

Q diagonal vector for K_79/71
 -9 -12 -11 -14 -13 -16 -15 -18 -17 -14 -15 -12 -13 -10 -11  -8  -7 -10  -9 -12 -11 -14 -13 -16 -15 -12 -13 -10 -11  -8  -9  -6  -5  -8  -7 -10  -9 -12 -11 -14 -13 -10 -11  -8  -9  -6  -7  -4  -3  -6  -5  -8  -7 -10  -9 -12 -11  -8  -9  -6  -7  -4  -5  -2  -1  -4  -3  -6  -5  -8  -7 -10  -9  -6  -7  -4  -5  -2  -3

Q diagonal vector for K_79/72
-12 -11 -14 -13 -10  -9 -12 -11  -8  -9 -12 -13 -10 -11 -14 -13 -16 -15 -12 -11 -14 -13 -10 -11 -14 -15 -12 -13 -16 -15 -18 -17 -14 -13 -16 -15 -12 -13 -16 -17 -14 -15 -18 -17 -20 -19 -16 -15 -18 -17 -14 -15 -18 -19 -16 -17 -20 -19 -22 -21 -18 -17 -20 -19 -16 -17 -20 -21 -18 -19 -22 -21 -24 -23 -20 -19 -22 -21 -18

Q diagonal vector for K_79/73
  0  -3  -2  -5  -4  -7  -6  -3  -4  -1  -2   1   2  -1   0  -3  -2  -5  -4  -1  -2   1   0   3   4   1   2  -1   0  -3  -2   1   0   3   2   5   6   3   4   1   2  -1   0   3   2   5   4   7   8   5   6   3   4   1   2   5   4   7   6   9  10   7   8   5   6   3   4   7   6   9   8  11  12   9  10   7   8   5   6

Q diagonal vector for K_79/74
-16 -15 -18 -17 -20 -19 -16 -17 -14 -15 -18 -17 -20 -19 -22 -21 -18 -19 -16 -17 -20 -19 -22 -21 -24 -23 -20 -21 -18 -19 -22 -21 -24 -23 -26 -25 -22 -23 -20 -21 -24 -23 -26 -25 -28 -27 -24 -25 -22 -23 -26 -25 -28 -27 -30 -29 -26 -27 -24 -25 -28 -27 -30 -29 -32 -31 -28 -29 -26 -27 -30 -29 -32 -31 -34 -33 -30 -31 -28

Q diagonal vector for K_79/75
-15 -18 -17 -20 -19 -16 -17 -14 -13 -16 -15 -18 -17 -14 -15 -12 -11 -14 -13 -16 -15 -12 -13 -10  -9 -12 -11 -14 -13 -10 -11  -8  -7 -10  -9 -12 -11  -8  -9  -6  -5  -8  -7 -10  -9  -6  -7  -4  -3  -6  -5  -8  -7  -4  -5  -2  -1  -4  -3  -6  -5  -2  -3   0   1  -2  -1  -4  -3   0  -1   2   3   0   1  -2  -1   2   1

Q diagonal vector for K_79/77
-34 -37 -36 -33 -32 -35 -34 -31 -30 -33 -32 -29 -28 -31 -30 -27 -26 -29 -28 -25 -24 -27 -26 -23 -22 -25 -24 -21 -20 -23 -22 -19 -18 -21 -20 -17 -16 -19 -18 -15 -14 -17 -16 -13 -12 -15 -14 -11 -10 -13 -12  -9  -8 -11 -10  -7  -6  -9  -8  -5  -4  -7  -6  -3  -2  -5  -4  -1   0  -3  -2   1   2  -1   0   3   4   1   2

Q diagonal vector for K_81/1
 80  77  78  75  76  73  74  71  72  69  70  67  68  65  66  63  64  61  62  59  60  57  58  55  56  53  54  51  52  49  50  47  48  45  46  43  44  41  42  39  40  37  38  35  36  33  34  31  32  29  30  27  28  25  26  23  24  21  22  19  20  17  18  15  16  13  14  11  12   9  10   7   8   5   6   3   4   1   2  -1   0

Q diagonal vector for K_81/2
-37 -36 -39 -38 -35 -34 -37 -36 -33 -32 -35 -34 -31 -30 -33 -32 -29 -28 -31 -30 -27 -26 -29 -28 -25 -24 -27 -26 -23 -22 -25 -24 -21 -20 -23 -22 -19 -18 -21 -20 -17 -16 -19 -18 -15 -14 -17 -16 -13 -12 -15 -14 -11 -10 -13 -12  -9  -8 -11 -10  -7  -6  -9  -8  -5  -4  -7  -6  -3  -2  -5  -4  -1   0  -3  -2   1   2  -1   0   3

Q diagonal vector for K_81/4
-15 -14 -17 -16 -19 -18 -15 -16 -13 -12 -15 -14 -17 -16 -13 -14 -11 -10 -13 -12 -15 -14 -11 -12  -9  -8 -11 -10 -13 -12  -9 -10  -7  -6  -9  -8 -11 -10  -7  -8  -5  -4  -7  -6  -9  -8  -5  -6  -3  -2  -5  -4  -7  -6  -3  -4  -1   0  -3  -2  -5  -4  -1  -2   1   2  -1   0  -3  -2   1   0   3   4   1   2  -1   0   3   2   5

Q diagonal vector for K_81/5
 20  17  18  15  16  13  14  17  16  19  18  15  16  13  14  11  12  15  14  17  16  13  14  11  12   9  10  13  12  15  14  11  12   9  10   7   8  11  10  13  12   9  10   7   8   5   6   9   8  11  10   7   8   5   6   3   4   7   6   9   8   5   6   3   4   1   2   5   4   7   6   3   4   1   2  -1   0   3   2   5   4

Q diagonal vector for K_81/8
 -1   0  -3  -2  -5  -4  -7  -6  -9  -8  -5  -6  -3  -4  -1  -2   1   2  -1   0  -3  -2  -5  -4  -7  -6  -3  -4  -1  -2   1   0   3   4   1   2  -1   0  -3  -2  -5  -4  -1  -2   1   0   3   2   5   6   3   4   1   2  -1   0  -3  -2   1   0   3   2   5   4   7   8   5   6   3   4   1   2  -1   0   3   2   5   4   7   6   9

Q diagonal vector for K_81/10
  3   4   1   2  -1   0  -3  -2  -5  -4  -7  -6  -3  -4  -1  -2   1   0   3   2   5   6   3   4   1   2  -1   0  -3  -2  -5  -4  -1  -2   1   0   3   2   5   4   7   8   5   6   3   4   1   2  -1   0  -3  -2   1   0   3   2   5   4   7   6   9  10   7   8   5   6   3   4   1   2  -1   0   3   2   5   4   7   6   9   8  11

Q diagonal vector for K_81/11
 10   7   8   5   6   9   8  11  12   9  10   7   8  11  10   7   8   5   4   7   6   9   8   5   6   3   4   7   6   9  10   7   8   5   6   9   8   5   6   3   2   5   4   7   6   3   4   1   2   5   4   7   8   5   6   3   4   7   6   3   4   1   0   3   2   5   4   1   2  -1   0   3   2   5   6   3   4   1   2   5   4

Q diagonal vector for K_81/13
 12   9  10   7   6   9  10   7   8   5   4   7   8   5   6   3   4   7   6   9   8   5   6   9   8  11  10   7   8   5   4   7   8   5   6   3   2   5   6   3   4   1   2   5   4   7   6   3   4   7   6   9   8   5   6   3   2   5   6   3   4   1   0   3   4   1   2  -1   0   3   2   5   4   1   2   5   4   7   6   3   4

Q diagonal vector for K_81/14
 -6  -7  -4  -5  -8  -7  -4  -5  -2  -3  -6  -5  -2  -1  -4  -3  -6  -7  -4  -3  -6  -5  -8  -9  -6  -5  -8  -7  -4  -5  -2  -3  -6  -5  -2  -3   0  -1  -4  -3   0   1  -2  -1  -4  -5  -2  -1  -4  -3  -6  -7  -4  -3  -6  -5  -2  -3   0  -1  -4  -3   0  -1   2   1  -2  -1   2   3   0   1  -2  -3   0   1  -2  -1  -4  -5  -2

Q diagonal vector for K_81/20
 17  18  15  16  13  14  11  12   9  10   7   8   5   6   3   4   1   2  -1   0  -3  -2   1   0   3   2   5   4   7   6   9   8  11  10  13  12  15  14  17  16  19  20  17  18  15  16  13  14  11  12   9  10   7   8   5   6   3   4   1   2  -1   0   3   2   5   4   7   6   9   8  11  10  13  12  15  14  17  16  19  18  21

Q diagonal vector for K_81/25
  8   5   6   3   4   1   2   5   4   7   6   9  10   7   8   5   6   3   4   7   6   9   8  11  12   9  10   7   8   5   6   3   2   5   4   7   6   9   8   5   6   3   4   1   0   3   2   5   4   7   6   3   4   1   2  -1   0   3   2   5   4   7   8   5   6   3   4   1   2   5   4   7   6   9  10   7   8   5   6   3   4

Q diagonal vector for K_81/26
 -9  -8 -11 -10  -7  -8 -11 -10 -13 -12  -9 -10 -13 -12 -15 -14 -11 -12 -15 -14 -17 -16 -13 -14 -17 -16 -19 -18 -15 -14 -17 -18 -15 -16 -13 -12 -15 -16 -13 -14 -11 -10 -13 -14 -11 -12  -9  -8 -11 -12  -9 -10  -7  -6  -9  -8  -5  -6  -9  -8 -11 -10  -7  -8 -11 -10 -13 -12  -9 -10 -13 -12 -15 -14 -11 -12 -15 -14 -17 -16 -13

Q diagonal vector for K_81/28
  3   4   1   0   3   2   5   6   3   2   5   4   7   8   5   4   7   6   9  10   7   6   9   8  11  12   9  10   7   8  11  10   7   8   5   6   9   8   5   6   3   4   7   6   3   4   1   2   5   4   1   2  -1   0   3   2   5   6   3   2   5   4   7   8   5   4   7   6   9  10   7   6   9   8  11  12   9   8  11  10  13

Q diagonal vector for K_81/34
  1   0   3   2  -1   0   3   4   1   2  -1  -2   1   2  -1   0   3   2   5   4   1   0   3   4   1   2  -1  -2   1   0  -3  -2   1   2  -1   0  -3  -4  -1   0  -3  -2   1   0   3   2  -1   0   3   4   1   2  -1  -2   1   0  -3  -2   1   0   3   2  -1  -2   1   2  -1   0   3   2   5   4   1   2   5   6   3   4   1   0   3

Q diagonal vector for K_81/40
 39  40  37  38  35  36  33  34  31  32  29  30  27  28  25  26  23  24  21  22  19  20  17  18  15  16  13  14  11  12   9  10   7   8   5   6   3   4   1   2  -1   0   3   2   5   4   7   6   9   8  11  10  13  12  15  14  17  16  19  18  21  20  23  22  25  24  27  26  29  28  31  30  33  32  35  34  37  36  39  38  41

Q diagonal vector for K_81/43
  6   3   2   5   4   7   8   5   6   9   8   5   4   7   6   9  10   7   8  11  10   7   6   9   8  11  12   9  10  13  12   9   8  11  10  13  14  11  12  15  14  11  12   9  10  13  14  11  10  13  12   9  10   7   8  11  12   9   8  11  10   7   8   5   6   9  10   7   6   9   8   5   6   3   4   7   8   5   4   7   6

Q diagonal vector for K_81/44
  7   6   9   8   5   4   7   6   3   4   7   8   5   6   9   8  11  10   7   6   9   8   5   6   9  10   7   8  11  10  13  12   9   8  11  10   7   8  11  12   9  10  13  14  11  12   9   8  11  10   7   6   9  10   7   8  11  12   9  10   7   6   9   8   5   4   7   8   5   6   9  10   7   8   5   4   7   6   3   2   5

Q diagonal vector for K_81/46
  5   4   7   6   3   2   5   4   1   0   3   2  -1   0   3   4   1   2   5   6   3   4   7   6   9   8   5   4   7   6   3   2   5   4   1   2   5   6   3   4   7   8   5   6   9  10   7   8   5   4   7   6   3   2   5   4   1   0   3   4   1   2   5   6   3   4   7   8   5   6   3   2   5   4   1   0   3   2  -1  -2   1

Q diagonal vector for K_81/49
  0  -3  -4  -1  -2  -5  -6  -3  -4  -7  -8  -5  -6  -9 -10  -7  -8  -5  -4  -7  -6  -3  -2  -5  -4  -1   0  -3  -2   1   2  -1   0   3   2  -1  -2   1   0  -3  -4  -1  -2  -5  -6  -3  -4  -7  -6  -9  -8  -5  -4  -7  -6  -3  -2  -5  -4  -1   0  -3  -2   1   2  -1  -2   1   0  -3  -4  -1  -2  -5  -6  -3  -4  -7  -8  -5  -6

Q diagonal vector for K_81/50
  0   1  -2  -1   2   3   0  -1   2   1  -2  -3   0  -1   2   3   0   1   4   3   0  -1   2   1  -2  -1  -4  -3   0   1  -2  -1   2   1  -2  -3   0  -1   2   3   0   1   4   5   2   1   4   3   0   1  -2  -1   2   3   0   1   4   3   0  -1   2   1  -2  -1  -4  -3   0   1  -2  -3   0  -1  -4  -5  -2  -3   0   1  -2  -1   2

Q diagonal vector for K_81/52
  0   1  -2  -1  -4  -5  -2  -3   0  -1   2   1  -2  -1  -4  -3  -6  -7  -4  -5  -2  -3   0  -1  -4  -3  -6  -5  -8  -7  -4  -5  -2  -3   0   1  -2  -1  -4  -3  -6  -5  -2  -3   0  -1   2   3   0   1  -2  -1  -4  -3   0  -1   2   1  -2  -1  -4  -3  -6  -7  -4  -5  -2  -3   0  -1  -4  -3  -6  -5  -8  -9  -6  -7  -4  -5  -2

Q diagonal vector for K_81/58
  8   7  10   9  12  11  14  13  16  15  18  19  16  17  14  15  12  13  10  11   8   9   6   7  10   9  12  11  14  13  16  15  18  17  20  19  16  17  14  15  12  13  10  11   8   9   6   5   8   7  10   9  12  11  14  13  16  17  14  15  12  13  10  11   8   9   6   7   4   5   8   7  10   9  12  11  14  13  16  15  18

Q diagonal vector for K_81/59
 13  10  11   8   9   6   7   4   3   6   5   8   7  10  11   8   9   6   7   4   5   2   3   6   5   8   7  10   9  12  11   8   9   6   7   4   5   8   7  10   9  12  11  14  15  12  13  10  11   8   9   6   5   8   7  10   9  12  13  10  11   8   9   6   7   4   5   8   7  10   9  12  11  14  13  10  11   8   9   6   7

Q diagonal vector for K_81/62
  5   4   7   6   9   8   5   6   3   4   7   6   9   8  11  10   7   8   5   6   9   8  11  12   9  10   7   8   5   4   7   6   9  10   7   8   5   6   3   2   5   4   7   6   3   4   1   2   5   4   7   6   9   8   5   6   3   4   7   6   9  10   7   8   5   6   3   2   5   4   7   8   5   6   3   4   1   0   3   2   5

Q diagonal vector for K_81/64
  3   2   5   4   7   6   3   4   1   0   3   2   5   4   1   2  -1   0   3   2   5   6   3   4   1   2   5   4   7   8   5   6   3   4   1   0   3   2   5   4   1   2  -1  -2   1   0   3   2  -1   0  -3  -2   1   0   3   4   1   2  -1   0   3   2   5   6   3   4   1   2  -1  -2   1   0   3   2  -1   0  -3  -4  -1  -2   1

Q diagonal vector for K_81/65
 28  25  26  23  24  21  22  19  20  17  18  15  16  13  14  11  12  15  14  17  16  19  18  21  20  23  22  25  24  27  26  29  30  27  28  25  26  23  24  21  22  19  20  17  18  15  16  13  14  17  16  19  18  21  20  23  22  25  24  27  26  29  28  31  32  29  30  27  28  25  26  23  24  21  22  19  20  17  18  15  16

Q diagonal vector for K_81/74
 -8  -9  -6  -5  -8  -7 -10  -9  -6  -7  -4  -5  -8  -7 -10 -11  -8  -7 -10  -9 -12 -11  -8  -9  -6  -7 -10  -9 -12 -13 -10  -9 -12 -11 -14 -13 -10 -11  -8  -9 -12 -11 -14 -15 -12 -11 -14 -13 -16 -15 -12 -13 -10 -11 -14 -13 -16 -17 -14 -13 -16 -15 -18 -17 -14 -15 -12 -13 -16 -15 -18 -19 -16 -15 -18 -17 -20 -19 -16 -17 -14

Q diagonal vector for K_83/1
 82  79  80  77  78  75  76  73  74  71  72  69  70  67  68  65  66  63  64  61  62  59  60  57  58  55  56  53  54  51  52  49  50  47  48  45  46  43  44  41  42  39  40  37  38  35  36  33  34  31  32  29  30  27  28  25  26  23  24  21  22  19  20  17  18  15  16  13  14  11  12   9  10   7   8   5   6   3   4   1   2  -1   0

Q diagonal vector for K_83/4
-17 -18 -15 -14 -17 -16 -19 -18 -15 -16 -13 -12 -15 -14 -17 -16 -13 -14 -11 -10 -13 -12 -15 -14 -11 -12  -9  -8 -11 -10 -13 -12  -9 -10  -7  -6  -9  -8 -11 -10  -7  -8  -5  -4  -7  -6  -9  -8  -5  -6  -3  -2  -5  -4  -7  -6  -3  -4  -1   0  -3  -2  -5  -4  -1  -2   1   2  -1   0  -3  -2   1   0   3   4   1   2  -1   0   3   2   5

Q diagonal vector for K_83/9
 10   7   8  11  12   9  10  13  14  11  12   9   8  11  10   7   6   9   8   5   6   9  10   7   8  11  12   9  10   7   6   9   8   5   4   7   6   3   4   7   8   5   6   9  10   7   8   5   4   7   6   3   2   5   4   1   2   5   6   3   4   7   8   5   6   3   2   5   4   1   0   3   2  -1   0   3   4   1   2   5   6   3   4

Q diagonal vector for K_83/10
 -3  -4  -1   0  -3  -2  -5  -6  -3  -2  -5  -4  -7  -6  -3  -4  -1  -2  -5  -4  -1  -2   1   2  -1   0  -3  -4  -1   0  -3  -2  -5  -4  -1  -2   1   0  -3  -2   1   0   3   4   1   2  -1  -2   1   2  -1   0  -3  -2   1   0   3   2  -1   0   3   2   5   6   3   4   1   0   3   4   1   2  -1   0   3   2   5   4   1   2   5   4   7

Q diagonal vector for K_83/12
 -3  -4  -1  -2   1   0   3   2   5   4   7   8   5   6   3   4   1   2  -1   0  -3  -2  -5  -4  -1  -2   1   0   3   2   5   4   7   6   9  10   7   8   5   6   3   4   1   2  -1   0  -3  -2   1   0   3   2   5   4   7   6   9   8  11  12   9  10   7   8   5   6   3   4   1   2  -1   0   3   2   5   4   7   6   9   8  11  10  13

Q diagonal vector for K_83/19
  8   5   6   9  10   7   8   5   4   7   6   3   2   5   6   3   4   7   8   5   6   3   2   5   4   1   2   5   6   3   4   7   6   9   8   5   4   7   6   3   4   7   8   5   6   3   2   5   4   1   0   3   4   1   2   5   6   3   4   1   0   3   2  -1   0   3   4   1   2   5   4   7   6   3   2   5   4   1   2   5   6   3   4

Q diagonal vector for K_83/23
  4   1   2  -1  -2   1   0   3   2   5   6   3   4   1   2   5   4   7   6   3   4   1   2  -1   0   3   2   5   6   3   4   1   0   3   2   5   4   1   2  -1   0  -3  -2   1   0   3   2  -1   0  -3  -4  -1  -2   1   0   3   4   1   2  -1   0   3   2   5   4   1   2  -1   0  -3  -2   1   0   3   4   1   2  -1  -2   1   0   3   2

Q diagonal vector for K_83/24
 -7  -6  -9  -8  -5  -4  -7  -6  -3  -2  -5  -4  -1  -2  -5  -6  -3  -4  -7  -8  -5  -6  -9  -8 -11 -10  -7  -6  -9  -8  -5  -4  -7  -6  -3  -2  -5  -6  -3  -4  -7  -8  -5  -6  -9 -10  -7  -8  -5  -4  -7  -6  -3  -2  -5  -4  -1   0  -3  -2   1   0  -3  -4  -1  -2  -5  -6  -3  -4  -7  -6  -9  -8  -5  -4  -7  -6  -3  -2  -5  -4  -1

Q diagonal vector for K_83/28
  1   0   3   2   5   4   7   6   9   8  11  10  13  12  15  14  17  16  19  18  21  20  23  22  25  24  27  28  25  26  23  24  21  22  19  20  17  18  15  16  13  14  11  12   9  10   7   8   5   6   3   4   1   2  -1   0   3   2   5   4   7   6   9   8  11  10  13  12  15  14  17  16  19  18  21  20  23  22  25  24  27  26  29

Q diagonal vector for K_83/29
  7   4   5   2   1   4   3   6   5   2   3   0  -1   2   1   4   3   0   1  -2  -3   0  -1   2   1  -2  -1  -4  -3  -6  -5  -2  -3   0   1  -2  -1  -4  -3   0  -1   2   3   0   1  -2  -1   2   1   4   5   2   3   0   1   4   3   6   5   2   3   0  -1   2   1   4   3   0   1  -2  -3   0  -1   2   1  -2  -1  -4  -5  -2  -3   0  -1

Q diagonal vector for K_83/31
 13  10  11   8   9   6   7   4   5   2   1   4   3   6   5   8   7  10   9  12  11   8   9   6   7   4   5   2   3   0   1  -2  -1   2   1   4   3   6   5   8   7  10  11   8   9   6   7   4   5   2   3   0   1   4   3   6   5   8   7  10   9  12  11   8   9   6   7   4   5   2   3   0  -1   2   1   4   3   6   5   8   7  10   9

Q diagonal vector for K_83/32
  3   2   5   4   7   6   9   8   5   6   3   4   1   0   3   2   5   4   7   8   5   6   3   4   1   2   5   4   7   6   9  10   7   8   5   6   3   4   1   0   3   2   5   4   7   6   3   4   1   2  -1   0   3   2   5   4   7   8   5   6   3   4   1   2   5   4   7   6   9   8  11  10   7   8   5   6   3   2   5   4   7   6   9

Q diagonal vector for K_83/35
  8   5   6   3   4   7   6   9  10   7   8   5   6   3   2   5   4   7   6   3   4   1   0   3   2   5   6   3   4   1   2   5   4   7   8   5   6   3   4   1   0   3   2   5   4   1   2  -1   0   3   2   5   6   3   4   1   2   5   4   7   6   9   8   5   6   3   2   5   4   7   6   3   4   1   2   5   4   7   8   5   6   3   4

Q diagonal vector for K_83/37
 14  11  12   9  10   7   8   5   6   3   2   5   4   7   6   9   8  11  12   9  10   7   8   5   6   3   4   1   0   3   2   5   4   7   6   9  10   7   8   5   6   3   4   1   2  -1   0   3   2   5   4   7   6   9   8  11  10   7   8   5   6   3   4   1   2   5   4   7   6   9   8  11  10  13  12   9  10   7   8   5   6   3   4

Q diagonal vector for K_83/38
  7   8   5   4   7   6   9  10   7   8   5   6   9   8   5   6   3   2   5   4   7   8   5   6   3   4   7   6   3   4   1   0   3   2   5   6   3   4   1   2   5   4   1   2  -1   0   3   2   5   6   3   2   5   4   7   6   3   4   1   2   5   4   7   8   5   4   7   6   9   8   5   6   3   4   7   6   9  10   7   6   9   8  11

Q diagonal vector for K_83/40
 13  12  15  16  13  14  11  10  13  14  11  12   9   8  11  12   9  10   7   6   9  10   7   8   5   4   7   8   5   6   3   2   5   6   3   4   1   0   3   4   1   2  -1   0   3   2   5   4   1   2   5   4   7   6   3   4   7   6   9   8   5   6   9   8  11  10   7   8  11  10  13  12   9  10  13  12  15  14  11  12  15  14  17

Q diagonal vector for K_83/41
 42  39  40  37  38  35  36  33  34  31  32  29  30  27  28  25  26  23  24  21  22  19  20  17  18  15  16  13  14  11  12   9  10   7   8   5   6   3   4   1   2  -1   0   3   2   5   4   7   6   9   8  11  10  13  12  15  14  17  16  19  18  21  20  23  22  25  24  27  26  29  28  31  30  33  32  35  34  37  36  39  38  41  40

Q diagonal vector for K_83/44
 11  10  13  12  15  14  11  12   9  10  13  12  15  14  17  16  13  14  11  12  15  14  17  16  19  18  15  16  13  14  17  16  19  18  21  20  17  18  15  16  19  18  21  22  19  20  17  18  15  14  17  16  19  20  17  18  15  16  13  12  15  14  17  18  15  16  13  14  11  10  13  12  15  16  13  14  11  12   9   8  11  10  13

Q diagonal vector for K_83/47
 -2  -5  -6  -3  -4  -1   0  -3  -4  -1  -2   1   2  -1   0   3   2  -1   0  -3  -2   1   0  -3  -4  -1  -2   1   2  -1  -2   1   0   3   4   1   2   5   4   1   2  -1   0   3   2  -1   0  -3  -2   1   2  -1  -2   1   0   3   4   1   0   3   2  -1   0  -3  -2   1   0  -3  -2  -5  -4  -1   0  -3  -4  -1  -2   1   2  -1  -2   1   0

Q diagonal vector for K_83/49
  1  -2  -1  -4  -3   0  -1   2   3   0   1  -2  -1   2   1   4   5   2   1   4   3   6   5   2   3   0  -1   2   1   4   3   0   1  -2  -1   2   1   4   5   2   3   0   1   4   3   6   7   4   5   2   3   6   5   2   3   0  -1   2   1   4   3   0   1  -2  -3   0  -1   2   3   0   1  -2  -1   2   1   4   5   2   3   0   1   4   3

Q diagonal vector for K_83/50
 17  16  19  18  21  20  23  22  25  24  27  26  29  28  31  30  33  32  29  30  27  28  25  26  23  24  21  22  19  20  17  18  15  16  19  18  21  20  23  22  25  24  27  26  29  28  31  30  33  34  31  32  29  30  27  28  25  26  23  24  21  22  19  20  17  18  15  14  17  16  19  18  21  20  23  22  25  24  27  26  29  28  31

Q diagonal vector for K_83/53
 -4  -7  -8  -5  -6  -9 -10  -7  -8  -5  -4  -7  -6  -3  -2  -5  -6  -3  -4  -7  -8  -5  -6  -3  -2  -5  -4  -1   0  -3  -2   1   0  -3  -4  -1  -2  -5  -4  -7  -6  -3  -2  -5  -4  -1  -2  -5  -6  -3  -4  -7  -6  -9  -8  -5  -4  -7  -6  -3  -2  -5  -6  -3  -4  -7  -8  -5  -6  -3  -2  -5  -4  -1   0  -3  -4  -1  -2  -5  -6  -3  -4

Q diagonal vector for K_83/56
-14 -13 -16 -15 -12 -11 -14 -13 -10  -9 -12 -11  -8  -7 -10  -9  -6  -5  -8  -7  -4  -3  -6  -5  -2  -1  -4  -3   0  -1  -4  -5  -2  -3  -6  -7  -4  -5  -8  -9  -6  -7 -10 -11  -8  -9 -12 -13 -10 -11 -14 -15 -12 -13 -16 -15 -18 -17 -14 -13 -16 -15 -12 -11 -14 -13 -10  -9 -12 -11  -8  -7 -10  -9  -6  -5  -8  -7  -4  -3  -6  -5  -2

Q diagonal vector for K_83/57
  7   4   5   2   3   0   1   4   3   6   5   2   3   0   1  -2  -1   2   1   4   3   0   1  -2  -1  -4  -3   0  -1   2   1   4   5   2   3   0  -1   2   1   4   3   6   7   4   5   2   1   4   3   6   5   8   9   6   7   4   5   2   3   6   5   8   7   4   5   2   3   0   1   4   3   6   5   2   3   0   1  -2  -1   2   1   4   3

Q diagonal vector for K_83/58
-10  -9 -12 -11 -14 -13 -16 -15 -18 -17 -14 -15 -12 -13 -10 -11  -8  -7 -10  -9 -12 -11 -14 -13 -16 -15 -12 -13 -10 -11  -8  -9  -6  -7 -10  -9 -12 -11 -14 -13 -16 -17 -14 -15 -12 -13 -10 -11  -8  -9 -12 -11 -14 -13 -16 -15 -18 -17 -20 -19 -16 -17 -14 -15 -12 -13 -10  -9 -12 -11 -14 -13 -16 -15 -18 -17 -14 -15 -12 -13 -10 -11  -8

Q diagonal vector for K_83/61
 -1  -4  -5  -2  -3  -6  -5  -8  -7  -4  -3  -6  -7  -4  -5  -8  -7 -10  -9  -6  -5  -8  -7  -4  -5  -8  -9  -6  -7  -4  -3  -6  -5  -2  -3  -6  -7  -4  -5  -2  -1  -4  -3   0   1  -2  -3   0  -1  -4  -3  -6  -5  -2  -1  -4  -5  -2  -3  -6  -5  -8  -7  -4  -3  -6  -5  -2  -3  -6  -7  -4  -5  -2  -1  -4  -3   0  -1  -4  -5  -2  -3

Q diagonal vector for K_83/62
-20 -19 -22 -21 -24 -23 -26 -25 -28 -27 -30 -29 -32 -31 -34 -33 -36 -35 -38 -37 -40 -39 -36 -37 -34 -35 -32 -33 -30 -31 -28 -29 -26 -27 -24 -25 -22 -23 -20 -21 -18 -19 -22 -21 -24 -23 -26 -25 -28 -27 -30 -29 -32 -31 -34 -33 -36 -35 -38 -37 -40 -39 -42 -41 -38 -39 -36 -37 -34 -35 -32 -33 -30 -31 -28 -29 -26 -27 -24 -25 -22 -23 -20

Q diagonal vector for K_83/63
  6   3   4   7   6   9   8   5   6   9   8  11  10   7   8  11  10  13  12   9  10  13  14  11  12   9   8  11  12   9  10   7   6   9  10   7   8   5   4   7   8   5   6   9   8  11  10   7   8  11  10  13  12   9  10  13  12  15  14  11  12  15  16  13  14  11  10  13  14  11  12   9   8  11  12   9  10   7   6   9  10   7   8

Q diagonal vector for K_83/65
  2  -1   0  -3  -4  -1  -2   1   0  -3  -2   1   0   3   4   1   2  -1   0   3   2   5   4   1   2  -1  -2   1   2  -1   0  -3  -2   1   0   3   4   1   2  -1  -2   1   0   3   2  -1   0   3   2   5   6   3   4   1   2   5   4   7   6   3   4   1   0   3   4   1   2  -1   0   3   2   5   6   3   4   1   0   3   2   5   4   1   2

Q diagonal vector for K_83/66
  1   0   3   2  -1  -2   1   0  -3  -4  -1  -2  -5  -6  -3  -4  -7  -6  -3  -2  -5  -4  -1   0  -3  -2   1   2  -1   0   3   4   1   2  -1  -2   1   0  -3  -4  -1  -2  -5  -6  -3  -4  -7  -8  -5  -6  -9  -8  -5  -4  -7  -6  -3  -2  -5  -4  -1   0  -3  -2   1   2  -1   0  -3  -4  -1  -2  -5  -6  -3  -4  -7  -8  -5  -6  -9 -10  -7

Q diagonal vector for K_83/67
  7   4   5   2   3   6   5   2   3   0   1   4   3   0   1  -2  -1   2   1   4   5   2   1   4   3   6   7   4   3   6   5   8   9   6   7   4   5   8   7   4   5   2   3   6   5   2   3   0   1   4   3   6   7   4   3   6   5   8   9   6   5   8   7  10  11   8   9   6   7  10   9   6   7   4   5   8   7   4   5   2   3   6   5

Q diagonal vector for K_83/68
  2   1   4   3   6   5   8   9   6   7   4   5   2   3   0   1   4   3   6   5   8   7  10   9   6   7   4   5   2   3   0  -1   2   1   4   3   6   7   4   5   2   3   0   1  -2  -1   2   1   4   3   6   5   8   7   4   5   2   3   0   1  -2  -3   0  -1   2   1   4   5   2   3   0   1  -2  -1  -4  -3   0  -1   2   1   4   3   6

Q diagonal vector for K_83/69
-11 -14 -13 -16 -15 -18 -17 -20 -19 -22 -21 -24 -23 -26 -25 -22 -23 -20 -21 -18 -19 -16 -17 -14 -15 -12 -13 -10  -9 -12 -11 -14 -13 -16 -15 -18 -17 -20 -19 -22 -21 -24 -23 -20 -21 -18 -19 -16 -17 -14 -15 -12 -13 -10 -11  -8  -7 -10  -9 -12 -11 -14 -13 -16 -15 -18 -17 -20 -19 -22 -21 -18 -19 -16 -17 -14 -15 -12 -13 -10 -11  -8  -9

Q diagonal vector for K_83/70
 -3  -2  -5  -4  -1  -2  -5  -6  -3  -4  -1   0  -3  -2   1   0  -3  -2  -5  -4  -1   0  -3  -4  -1  -2  -5  -4  -7  -6  -3  -4  -7  -8  -5  -6  -3  -2  -5  -4  -1  -2  -5  -4  -7  -6  -3  -2  -5  -6  -3  -4  -7  -6  -9  -8  -5  -6  -9 -10  -7  -8  -5  -4  -7  -6  -3  -4  -7  -6  -9  -8  -5  -4  -7  -8  -5  -6  -9  -8 -11 -10  -7

Q diagonal vector for K_83/72
 -2  -3   0  -1   2   3   0   1  -2  -1  -4  -3   0  -1   2   1   4   3   0   1  -2  -1  -4  -5  -2  -3   0   1  -2  -1  -4  -3  -6  -5  -2  -3   0  -1   2   1  -2  -1  -4  -3  -6  -7  -4  -5  -2  -1  -4  -3  -6  -5  -8  -7  -4  -5  -2  -3   0  -1  -4  -3  -6  -5  -8  -9  -6  -7  -4  -3  -6  -5  -8  -7 -10  -9  -6  -7  -4  -5  -2

Q diagonal vector for K_83/75
 -4  -7  -6  -3  -4  -1  -2  -5  -4  -1   0  -3  -2  -5  -6  -3  -2  -5  -4  -1  -2   1   0  -3  -2   1   2  -1   0  -3  -4  -1   0  -3  -2   1   0   3   2  -1   0   3   4   1   2  -1  -2   1   2  -1   0   3   2   5   4   1   2   5   6   3   4   1   0   3   4   1   2   5   4   7   6   3   4   7   8   5   6   3   2   5   6   3   4

Q diagonal vector for K_83/76
-14 -13 -16 -15 -18 -17 -20 -19 -16 -17 -14 -15 -12 -13 -16 -15 -18 -17 -20 -19 -22 -21 -18 -19 -16 -17 -14 -15 -18 -17 -20 -19 -22 -21 -24 -23 -20 -21 -18 -19 -16 -17 -20 -19 -22 -21 -24 -23 -26 -25 -22 -23 -20 -21 -18 -19 -22 -21 -24 -23 -26 -25 -28 -27 -24 -25 -22 -23 -20 -21 -24 -23 -26 -25 -28 -27 -30 -29 -26 -27 -24 -25 -22

Q diagonal vector for K_83/77
-11 -14 -13 -16 -15 -18 -17 -14 -15 -12 -13 -10  -9 -12 -11 -14 -13 -16 -15 -12 -13 -10 -11  -8  -7 -10  -9 -12 -11 -14 -13 -10 -11  -8  -9  -6  -5  -8  -7 -10  -9 -12 -11  -8  -9  -6  -7  -4  -3  -6  -5  -8  -7 -10  -9  -6  -7  -4  -5  -2  -1  -4  -3  -6  -5  -8  -7  -4  -5  -2  -3   0   1  -2  -1  -4  -3  -6  -5  -2  -3   0  -1

Q diagonal vector for K_83/78
-11 -12  -9 -10 -13 -12  -9  -8 -11 -10 -13 -14 -11 -12 -15 -14 -11 -10 -13 -12 -15 -16 -13 -14 -17 -16 -13 -12 -15 -14 -17 -18 -15 -16 -19 -18 -15 -14 -17 -16 -19 -20 -17 -18 -21 -20 -17 -16 -19 -18 -21 -22 -19 -20 -23 -22 -19 -18 -21 -20 -23 -24 -21 -22 -25 -24 -21 -20 -23 -22 -25 -26 -23 -24 -27 -26 -23 -22 -25 -24 -27 -28 -25

Q diagonal vector for K_83/80
-26 -25 -28 -27 -24 -25 -28 -27 -30 -29 -26 -27 -30 -29 -32 -31 -28 -29 -32 -31 -34 -33 -30 -31 -34 -33 -36 -35 -32 -33 -36 -35 -38 -37 -34 -35 -38 -37 -40 -39 -36 -37 -40 -39 -42 -41 -38 -39 -42 -41 -44 -43 -40 -41 -44 -43 -46 -45 -42 -43 -46 -45 -48 -47 -44 -45 -48 -47 -50 -49 -46 -47 -50 -49 -52 -51 -48 -49 -52 -51 -54 -53 -50

Q diagonal vector for K_83/81
-36 -39 -38 -35 -34 -37 -36 -33 -32 -35 -34 -31 -30 -33 -32 -29 -28 -31 -30 -27 -26 -29 -28 -25 -24 -27 -26 -23 -22 -25 -24 -21 -20 -23 -22 -19 -18 -21 -20 -17 -16 -19 -18 -15 -14 -17 -16 -13 -12 -15 -14 -11 -10 -13 -12  -9  -8 -11 -10  -7  -6  -9  -8  -5  -4  -7  -6  -3  -2  -5  -4  -1   0  -3  -2   1   2  -1   0   3   4   1   2

Q diagonal vector for K_85/1
 84  81  82  79  80  77  78  75  76  73  74  71  72  69  70  67  68  65  66  63  64  61  62  59  60  57  58  55  56  53  54  51  52  49  50  47  48  45  46  43  44  41  42  39  40  37  38  35  36  33  34  31  32  29  30  27  28  25  26  23  24  21  22  19  20  17  18  15  16  13  14  11  12   9  10   7   8   5   6   3   4   1   2  -1   0

Q diagonal vector for K_85/2
-39 -38 -41 -40 -37 -36 -39 -38 -35 -34 -37 -36 -33 -32 -35 -34 -31 -30 -33 -32 -29 -28 -31 -30 -27 -26 -29 -28 -25 -24 -27 -26 -23 -22 -25 -24 -21 -20 -23 -22 -19 -18 -21 -20 -17 -16 -19 -18 -15 -14 -17 -16 -13 -12 -15 -14 -11 -10 -13 -12  -9  -8 -11 -10  -7  -6  -9  -8  -5  -4  -7  -6  -3  -2  -5  -4  -1   0  -3  -2   1   2  -1   0   3

Q diagonal vector for K_85/3
 30  27  28  25  26  29  28  25  26  23  24  27  26  23  24  21  22  25  24  21  22  19  20  23  22  19  20  17  18  21  20  17  18  15  16  19  18  15  16  13  14  17  16  13  14  11  12  15  14  11  12   9  10  13  12   9  10   7   8  11  10   7   8   5   6   9   8   5   6   3   4   7   6   3   4   1   2   5   4   1   2  -1   0   3   2

Q diagonal vector for K_85/6
 -7  -6  -9  -8 -11 -10 -13 -12  -9 -10  -7  -8  -5  -4  -7  -6  -9  -8 -11 -10  -7  -8  -5  -6  -3  -2  -5  -4  -7  -6  -9  -8  -5  -6  -3  -4  -1   0  -3  -2  -5  -4  -7  -6  -3  -4  -1  -2   1   2  -1   0  -3  -2  -5  -4  -1  -2   1   0   3   4   1   2  -1   0  -3  -2   1   0   3   2   5   6   3   4   1   2  -1   0   3   2   5   4   7

Q diagonal vector for K_85/7
 18  15  16  13  14  11  12   9  10  13  12  15  14  17  16  13  14  11  12   9  10   7   8  11  10  13  12  15  14  11  12   9  10   7   8   5   6   9   8  11  10  13  12   9  10   7   8   5   6   3   4   7   6   9   8  11  10   7   8   5   6   3   4   1   2   5   4   7   6   9   8   5   6   3   4   1   2  -1   0   3   2   5   4   7   6

Q diagonal vector for K_85/9
 12   9  10   7   8  11  10  13  14  11  12   9  10   7   6   9   8  11  10   7   8   5   6   9   8  11  12   9  10   7   8   5   4   7   6   9   8   5   6   3   4   7   6   9  10   7   8   5   6   3   2   5   4   7   6   3   4   1   2   5   4   7   8   5   6   3   4   1   0   3   2   5   4   1   2  -1   0   3   2   5   6   3   4   1   2

Q diagonal vector for K_85/11
  7   4   5   8   7  10   9   6   7  10  11   8   9   6   5   8   9   6   7   4   3   6   5   2   3   6   5   8   7   4   5   8   9   6   7   4   3   6   7   4   5   2   1   4   3   0   1   4   3   6   5   2   3   6   7   4   5   2   1   4   5   2   3   0  -1   2   1  -2  -1   2   1   4   3   0   1   4   5   2   3   0  -1   2   3   0   1

Q diagonal vector for K_85/14
  9  10   7   8   5   6   3   4   1   2  -1   0  -3  -2  -5  -4  -1  -2   1   0   3   2   5   4   7   6   9   8  11  12   9  10   7   8   5   6   3   4   1   2  -1   0  -3  -2   1   0   3   2   5   4   7   6   9   8  11  10  13  14  11  12   9  10   7   8   5   6   3   4   1   2  -1   0   3   2   5   4   7   6   9   8  11  10  13  12  15

Q diagonal vector for K_85/19
 14  11  12   9  10   7   8   5   6   3   2   5   4   7   6   9   8  11  12   9  10   7   8   5   6   3   4   1   2   5   4   7   6   9   8  11  10  13  12   9  10   7   8   5   6   3   4   1   0   3   2   5   4   7   6   9  10   7   8   5   6   3   4   1   2  -1   0   3   2   5   4   7   6   9   8  11  10   7   8   5   6   3   4   1   2

Q diagonal vector for K_85/21
 24  21  22  19  20  17  18  15  16  13  14  11  12   9  10   7   8   5   6   3   4   1   2   5   4   7   6   9   8  11  10  13  12  15  14  17  16  19  18  21  20  23  22  19  20  17  18  15  16  13  14  11  12   9  10   7   8   5   6   3   4   1   2  -1   0   3   2   5   4   7   6   9   8  11  10  13  12  15  14  17  16  19  18  21  20

Q diagonal vector for K_85/23
  3   0   1   4   5   2   3   6   5   8   7   4   3   6   5   2   3   6   7   4   5   8   9   6   7   4   3   6   5   2   1   4   5   2   3   6   7   4   5   2   1   4   3   0  -1   2   1  -2  -1   2   3   0   1   4   3   6   5   2   1   4   3   0   1   4   5   2   3   6   7   4   5   2   1   4   3   0  -1   2   3   0   1   4   5   2   3

Q diagonal vector for K_85/24
  2   1   4   3   0  -1   2   1  -2  -3   0  -1  -4  -3   0   1  -2  -1   2   3   0   1   4   5   2   3   0  -1   2   1  -2  -3   0  -1  -4  -5  -2  -1  -4  -3   0   1  -2  -1   2   3   0   1   4   3   6   5   2   1   4   3   0  -1   2   1  -2  -1   2   3   0   1   4   5   2   3   6   7   4   5   2   1   4   3   0  -1   2   1  -2  -3   0

Q diagonal vector for K_85/27
  6   3   4   1   2   5   4   7   8   5   6   3   4   7   6   9  10   7   8   5   6   9   8  11  12   9  10   7   8  11  10   7   8   5   4   7   6   9   8   5   6   3   2   5   4   7   6   3   4   1   0   3   2   5   4   1   2  -1   0   3   2   5   6   3   4   1   2   5   4   7   8   5   6   3   4   7   6   9  10   7   8   5   6   9   8

Q diagonal vector for K_85/31
 11   8   9   6   7   4   5   2   1   4   3   6   5   8   7  10   9   6   7   4   5   2   3   0  -1   2   1   4   3   6   7   4   5   2   3   0   1  -2  -1   2   1   4   3   6   5   8   9   6   7   4   5   2   3   0   1   4   3   6   5   8   7  10   9   6   7   4   5   2   3   0  -1   2   1   4   3   6   5   8   7   4   5   2   3   0   1

Q diagonal vector for K_85/33
  3   0   1  -2  -3   0  -1   2   1   4   5   2   3   0  -1   2   1   4   3   0   1  -2  -1  -4  -3   0  -1   2   1  -2  -1  -4  -3  -6  -5  -2  -3   0   1  -2  -1  -4  -5  -2  -3   0  -1   2   3   0   1  -2  -1   2   1   4   3   0   1  -2  -1  -4  -3   0  -1   2   1  -2  -1  -4  -5  -2  -3   0  -1   2   3   0   1  -2  -3   0  -1   2   1

Q diagonal vector for K_85/37
  9   6   7   4   3   6   5   8   7   4   5   2   1   4   5   2   3   0   1   4   3   6   7   4   5   2   1   4   3   6   5   2   3   0  -1   2   3   0   1  -2  -1   2   1   4   5   2   3   0   1   4   3   6   5   2   3   0  -1   2   1   4   3   0   1   4   3   6   7   4   5   2   3   6   5   8   7   4   5   2   1   4   3   6   5   2   3

Q diagonal vector for K_85/38
  2   3   0   1   4   5   2   3   6   7   4   3   6   5   2   1   4   3   0   1  -2  -1   2   3   0   1   4   5   2   1   4   3   0  -1   2   1  -2  -1  -4  -3   0   1  -2  -1   2   3   0   1   4   3   0  -1   2   1  -2  -3   0  -1   2   3   0   1   4   5   2   3   6   5   2   1   4   3   0  -1   2   1   4   5   2   3   6   7   4   5   8

Q diagonal vector for K_85/42
 41  42  39  40  37  38  35  36  33  34  31  32  29  30  27  28  25  26  23  24  21  22  19  20  17  18  15  16  13  14  11  12   9  10   7   8   5   6   3   4   1   2  -1   0   3   2   5   4   7   6   9   8  11  10  13  12  15  14  17  16  19  18  21  20  23  22  25  24  27  26  29  28  31  30  33  32  35  34  37  36  39  38  41  40  43

Q diagonal vector for K_85/44
 15  14  17  16  13  14  17  16  19  18  15  16  19  18  21  20  17  18  21  20  23  22  19  20  23  22  25  24  21  22  25  24  27  26  23  24  27  26  29  28  25  26  29  30  27  28  25  24  27  28  25  26  23  22  25  26  23  24  21  20  23  24  21  22  19  18  21  22  19  20  17  16  19  20  17  18  15  14  17  18  15  16  13  12  15

Q diagonal vector for K_85/46
  6   7   4   3   6   5   8   7   4   5   2   3   6   5   8   9   6   5   8   7  10   9   6   7   4   5   8   7  10  11   8   7  10   9  12  11   8   9   6   7  10   9  12  13  10  11   8   9  12  11   8   9   6   5   8   7  10  11   8   9   6   7  10   9   6   7   4   3   6   5   8   9   6   7   4   5   8   7   4   5   2   1   4   3   6

Q diagonal vector for K_85/49
  7   4   5   2   3   6   5   2   3   0   1   4   3   6   7   4   3   6   5   8   9   6   5   8   7  10   9   6   7   4   5   8   7   4   5   2   3   6   5   8   9   6   5   8   7  10  11   8   9   6   7  10   9   6   7   4   5   8   7   4   5   2   1   4   3   6   7   4   3   6   5   8   9   6   7   4   5   8   7   4   5   2   3   6   5

Q diagonal vector for K_85/53
 -8 -11 -10 -13 -12 -15 -14 -17 -16 -19 -20 -17 -18 -15 -16 -13 -14 -11 -12  -9 -10  -7  -6  -9  -8 -11 -10 -13 -12 -15 -14 -17 -16 -13 -14 -11 -12  -9 -10  -7  -8  -5  -6  -9  -8 -11 -10 -13 -12 -15 -14 -17 -16 -19 -18 -15 -16 -13 -14 -11 -12  -9 -10  -7  -6  -9  -8 -11 -10 -13 -12 -15 -14 -17 -18 -15 -16 -13 -14 -11 -12  -9 -10  -7  -8

Q diagonal vector for K_85/56
  3   2   5   4   1   0   3   2  -1  -2   1   0  -3  -4  -1  -2  -5  -6  -3  -4  -7  -8  -5  -6  -9 -10  -7  -8 -11 -10  -7  -6  -9  -8  -5  -4  -7  -6  -3  -2  -5  -4  -1   0  -3  -2   1   2  -1   0   3   4   1   2   5   6   3   4   1   0   3   2  -1  -2   1   0  -3  -4  -1  -2  -5  -6  -3  -4  -7  -8  -5  -6  -9 -10  -7  -8 -11 -12  -9

Q diagonal vector for K_85/57
 54  51  52  49  50  47  48  45  46  43  44  41  42  39  40  37  38  35  36  33  34  31  32  29  30  27  28  25  26  29  28  31  30  33  32  35  34  37  36  39  38  41  40  43  42  45  44  47  46  49  48  51  50  53  52  55  56  53  54  51  52  49  50  47  48  45  46  43  44  41  42  39  40  37  38  35  36  33  34  31  32  29  30  27  28

Q diagonal vector for K_85/59
  5   2   1   4   3   0   1  -2  -1   2   3   0   1   4   3   0  -1   2   1  -2  -1  -4  -3   0   1  -2  -1   2   1  -2  -3   0  -1   2   3   0   1   4   5   2   1   4   3   0  -1   2   1   4   5   2   3   6   7   4   3   6   5   2   3   0   1   4   5   2   3   6   5   2   1   4   3   0   1  -2  -1   2   3   0   1   4   3   0  -1   2   1

Q diagonal vector for K_85/63
  1  -2  -1  -4  -5  -2  -1  -4  -3  -6  -7  -4  -3  -6  -5  -8  -9  -6  -5  -8  -7 -10  -9  -6  -7  -4  -5  -8  -7  -4  -5  -2  -3  -6  -5  -2  -3   0  -1  -4  -3   0  -1   2   3   0   1  -2  -3   0   1  -2  -1  -4  -5  -2  -1  -4  -3  -6  -7  -4  -3  -6  -5  -8  -7  -4  -5  -2  -3  -6  -5  -2  -3   0  -1  -4  -3   0  -1   2   1  -2  -1

Q diagonal vector for K_85/67
 -1  -4  -3   0  -1   2   1  -2  -3   0   1  -2  -1   2   1   4   3   0   1   4   5   2   3   0  -1   2   1  -2  -1   2   3   0   1  -2  -3   0   1  -2  -1   2   1   4   3   0  -1   2   3   0   1   4   3   6   5   2   3   6   7   4   5   2   1   4   3   0   1   4   5   2   3   0  -1   2   3   0   1   4   3   6   5   2   1   4   5   2   3

Q diagonal vector for K_85/69
  1  -2  -1  -4  -3  -6  -5  -2  -3   0  -1  -4  -3  -6  -5  -8  -7  -4  -5  -2  -3   0   1  -2  -1  -4  -5  -2  -3   0  -1   2   3   0   1  -2  -1  -4  -3   0  -1   2   1  -2  -1  -4  -3  -6  -5  -2  -3   0  -1   2   3   0   1  -2  -3   0  -1   2   1   4   5   2   3   0   1  -2  -1   2   1   4   3   0   1  -2  -1  -4  -3   0  -1   2   1

Q diagonal vector for K_85/72
  3   2   5   4   7   6   9   8   5   6   3   4   1   2   5   4   7   6   9  10   7   8   5   6   3   4   1   0   3   2   5   4   7   6   3   4   1   2  -1   0   3   2   5   4   7   8   5   6   3   4   1   2  -1  -2   1   0   3   2   5   4   1   2  -1   0  -3  -2   1   0   3   2   5   6   3   4   1   2  -1   0  -3  -4  -1  -2   1   0   3

Q diagonal vector for K_85/73
 18  15  16  13  14  11  12   9  10   7   8   5   6   9   8  11  10  13  12  15  14  17  16  19  20  17  18  15  16  13  14  11  12   9  10   7   8  11  10  13  12  15  14  17  16  19  18  21  22  19  20  17  18  15  16  13  14  11  12   9  10  13  12  15  14  17  16  19  18  21  20  23  24  21  22  19  20  17  18  15  16  13  14  11  12

Q diagonal vector for K_85/77
 -8 -11 -12  -9 -10  -7  -6  -9  -8  -5  -6  -9  -8 -11 -10  -7  -6  -9 -10  -7  -8  -5  -4  -7  -6  -3  -4  -7  -6  -9  -8  -5  -4  -7  -8  -5  -6  -3  -2  -5  -4  -1  -2  -5  -4  -7  -6  -3  -2  -5  -6  -3  -4  -1   0  -3  -2   1   0  -3  -2  -5  -4  -1   0  -3  -4  -1  -2   1   2  -1   0   3   2  -1   0  -3  -2   1   2  -1  -2   1   0

Q diagonal vector for K_85/81
-12 -15 -14 -17 -16 -13 -14 -11 -10 -13 -12 -15 -14 -11 -12  -9  -8 -11 -10 -13 -12  -9 -10  -7  -6  -9  -8 -11 -10  -7  -8  -5  -4  -7  -6  -9  -8  -5  -6  -3  -2  -5  -4  -7  -6  -3  -4  -1   0  -3  -2  -5  -4  -1  -2   1   2  -1   0  -3  -2   1   0   3   4   1   2  -1   0   3   2   5   6   3   4   1   2   5   4   7   8   5   6   3   4

Q diagonal vector for K_87/1
 86  83  84  81  82  79  80  77  78  75  76  73  74  71  72  69  70  67  68  65  66  63  64  61  62  59  60  57  58  55  56  53  54  51  52  49  50  47  48  45  46  43  44  41  42  39  40  37  38  35  36  33  34  31  32  29  30  27  28  25  26  23  24  21  22  19  20  17  18  15  16  13  14  11  12   9  10   7   8   5   6   3   4   1   2  -1   0

Q diagonal vector for K_87/5
 18  15  16  19  20  17  18  15  14  17  16  13  14  17  18  15  16  13  12  15  14  11  12  15  16  13  14  11  10  13  12   9  10  13  14  11  12   9   8  11  10   7   8  11  12   9  10   7   6   9   8   5   6   9  10   7   8   5   4   7   6   3   4   7   8   5   6   3   2   5   4   1   2   5   6   3   4   1   0   3   2  -1   0   3   4   1   2

Q diagonal vector for K_87/7
 16  13  14  11  10  13  14  11  12   9  10  13  12  15  14  11  12   9   8  11  12   9  10   7   8  11  10  13  12   9  10   7   6   9  10   7   8   5   6   9   8  11  10   7   8   5   4   7   8   5   6   3   4   7   6   9   8   5   6   3   2   5   6   3   4   1   2   5   4   7   6   3   4   1   0   3   4   1   2  -1   0   3   2   5   4   1   2

Q diagonal vector for K_87/8
 -7  -8  -5  -6  -3  -4  -1   0  -3  -2  -5  -4  -7  -6  -9  -8  -5  -6  -3  -4  -1  -2   1   2  -1   0  -3  -2  -5  -4  -7  -6  -3  -4  -1  -2   1   0   3   4   1   2  -1   0  -3  -2  -5  -4  -1  -2   1   0   3   2   5   6   3   4   1   2  -1   0  -3  -2   1   0   3   2   5   4   7   8   5   6   3   4   1   2  -1   0   3   2   5   4   7   6   9

Q diagonal vector for K_87/10
 -3  -2  -5  -6  -3  -4  -1   0  -3  -2  -5  -4  -1  -2  -5  -4  -7  -6  -3  -4  -1   0  -3  -4  -1  -2   1   2  -1   0  -3  -2   1   0  -3  -2  -5  -4  -1  -2   1   2  -1  -2   1   0   3   4   1   2  -1   0   3   2  -1   0  -3  -2   1   0   3   4   1   0   3   2   5   6   3   4   1   2   5   4   1   2  -1   0   3   2   5   6   3   2   5   4   7

Q diagonal vector for K_87/13
 11   8   9   6   5   8   7  10   9   6   7   4   5   2   3   6   5   8   9   6   7   4   5   8   7  10   9   6   7   4   3   6   5   8   7   4   5   2   3   0   1   4   3   6   7   4   5   2   3   6   5   8   7   4   5   2   1   4   3   6   5   2   3   0   1  -2  -1   2   1   4   5   2   3   0   1   4   3   6   5   2   3   0  -1   2   1   4   3

Q diagonal vector for K_87/16
 -7  -6  -9  -8  -5  -4  -7  -6  -3  -4  -7  -8  -5  -6  -9  -8 -11 -10  -7  -6  -9  -8  -5  -4  -7  -8  -5  -6  -9 -10  -7  -8  -5  -4  -7  -6  -3  -2  -5  -4  -1  -2  -5  -6  -3  -4  -7  -6  -9  -8  -5  -4  -7  -6  -3  -2  -5  -6  -3  -4  -7  -8  -5  -6  -3  -2  -5  -4  -1   0  -3  -2   1   0  -3  -4  -1  -2  -5  -4  -7  -6  -3  -2  -5  -4  -1

Q diagonal vector for K_87/17
  6   3   4   7   8   5   6   9  10   7   8  11  12   9  10  13  14  11  12   9   8  11  10   7   6   9   8   5   4   7   6   3   2   5   4   1   2   5   6   3   4   7   8   5   6   9  10   7   8  11  12   9  10   7   6   9   8   5   4   7   6   3   2   5   4   1   0   3   2  -1   0   3   4   1   2   5   6   3   4   7   8   5   6   9  10   7   8

Q diagonal vector for K_87/19
  3   0  -1   2   1   4   5   2   1   4   3   0   1  -2  -1   2   1  -2  -1  -4  -3   0   1  -2  -3   0  -1   2   3   0   1   4   3   0   1  -2  -1   2   1  -2  -3   0  -1   2   3   0  -1   2   1  -2  -1  -4  -3   0  -1  -4  -3  -6  -5  -2  -1  -4  -5  -2  -3   0   1  -2  -1   2   1  -2  -1  -4  -3   0  -1  -4  -5  -2  -3   0   1  -2  -3   0  -1

Q diagonal vector for K_87/23
  0  -3  -4  -1  -2   1   2  -1   0   3   2  -1  -2   1   0   3   4   1   2   5   4   1   2  -1   0   3   4   1   0   3   2  -1   0  -3  -2   1   2  -1  -2   1   0  -3  -2  -5  -4  -1  -2  -5  -6  -3  -4  -1   0  -3  -2   1   0  -3  -4  -1  -2   1   2  -1   0   3   2  -1   0  -3  -2   1   2  -1  -2   1   0  -3  -2  -5  -4  -1   0  -3  -4  -1  -2

Q diagonal vector for K_87/25
 14  11  12   9  10   7   8   5   6   3   4   1   2   5   4   7   6   9   8  11  10  13  12  15  16  13  14  11  12   9  10   7   8   5   6   3   4   1   0   3   2   5   4   7   6   9   8  11  10  13  12   9  10   7   8   5   6   3   4   1   2  -1   0   3   2   5   4   7   6   9   8  11  10  13  14  11  12   9  10   7   8   5   6   3   4   1   2

Q diagonal vector for K_87/26
  3   4   1   2  -1   0  -3  -2  -5  -4  -1  -2   1   0   3   2   5   4   1   2  -1   0  -3  -2  -5  -4  -7  -6  -3  -4  -1  -2   1   0   3   4   1   2  -1   0  -3  -2  -5  -6  -3  -4  -1  -2   1   0   3   2   5   6   3   4   1   2  -1   0  -3  -2   1   0   3   2   5   4   7   6   3   4   1   2  -1   0  -3  -2  -5  -4  -1  -2   1   0   3   2   5

Q diagonal vector for K_87/31
  9   6   7   4   5   2   1   4   3   6   5   8   7   4   5   2   3   0  -1   2   1   4   3   6   5   2   3   0   1  -2  -1  -4  -3   0  -1   2   1   4   5   2   3   0   1  -2  -1   2   1   4   3   6   7   4   5   2   3   0   1   4   3   6   5   8   7   4   5   2   3   0  -1   2   1   4   3   6   5   2   3   0   1  -2  -3   0  -1   2   1   4   3

Q diagonal vector for K_87/35
 20  17  18  15  16  13  14  11  12   9  10   7   8   5   6   3   4   1   0   3   2   5   4   7   6   9   8  11  10  13  12  15  14  17  18  15  16  13  14  11  12   9  10   7   8   5   6   3   4   1   2  -1   0   3   2   5   4   7   6   9   8  11  10  13  12  15  14  17  16  19  18  15  16  13  14  11  12   9  10   7   8   5   6   3   4   1   2

Q diagonal vector for K_87/38
  7   8   5   6   3   2   5   4   7   6   9  10   7   8   5   6   3   4   7   6   9   8   5   6   3   4   1   0   3   2   5   4   7   8   5   6   3   4   1   2   5   4   7   6   3   4   1   2  -1   0   3   2   5   4   7   8   5   6   3   2   5   4   7   6   9   8   5   6   3   4   1   2   5   4   7   6   9  10   7   8   5   4   7   6   9   8  11

Q diagonal vector for K_87/40
  7   6   9   8   5   4   7   8   5   6   9  10   7   8   5   4   7   6   3   2   5   6   3   4   7   8   5   6   3   2   5   4   1   0   3   4   1   2   5   6   3   4   1   0   3   2  -1   0   3   4   1   2   5   4   7   6   3   2   5   4   1   2   5   6   3   4   7   6   9   8   5   4   7   6   3   4   7   8   5   6   9   8  11  10   7   6   9

Q diagonal vector for K_87/41
 14  11  12   9  10   7   6   9   8  11  12   9  10   7   8   5   4   7   6   9  10   7   8   5   6   3   2   5   4   7   8   5   6   3   4   1   0   3   2   5   6   3   4   1   2  -1   0   3   2   5   4   7   6   3   4   1   2   5   4   7   6   9   8   5   6   3   4   7   6   9   8  11  10   7   8   5   6   9   8  11  10  13  12   9  10   7   8

Q diagonal vector for K_87/43
 44  41  42  39  40  37  38  35  36  33  34  31  32  29  30  27  28  25  26  23  24  21  22  19  20  17  18  15  16  13  14  11  12   9  10   7   8   5   6   3   4   1   2  -1   0   3   2   5   4   7   6   9   8  11  10  13  12  15  14  17  16  19  18  21  20  23  22  25  24  27  26  29  28  31  30  33  32  35  34  37  36  39  38  41  40  43  42

Q diagonal vector for K_87/50
 -3  -2  -5  -4  -1   0  -3  -2   1   2  -1   0   3   2  -1  -2   1   0  -3  -4  -1  -2  -5  -6  -3  -4  -1   0  -3  -2   1   2  -1   0   3   4   1   2   5   4   1   0   3   2  -1  -2   1   0  -3  -2  -5  -4  -1   0  -3  -2   1   2  -1   0   3   4   1   0   3   2  -1  -2   1   0  -3  -4  -1  -2  -5  -4  -7  -6  -3  -2  -5  -4  -1   0  -3  -2   1

Q diagonal vector for K_87/53
  4   1   2  -1  -2   1   0   3   2  -1   0  -3  -4  -1  -2   1   0  -3  -2   1   0   3   4   1   2  -1   0   3   2   5   6   3   4   1   2   5   4   7   6   3   4   1   0   3   2   5   4   1   2  -1  -2   1   2  -1   0  -3  -2   1   0   3   4   1   2  -1   0   3   2   5   6   3   4   1   0   3   2   5   4   1   2  -1  -2   1   0   3   2  -1   0

Q diagonal vector for K_87/55
  5   2   3   0   1   4   3   6   5   8   7   4   5   2   1   4   3   6   7   4   5   2   3   6   5   8   7  10   9   6   7   4   5   8   7  10  11   8   9   6   7   4   3   6   5   8   7   4   5   2   3   6   5   8   9   6   7   4   5   2   1   4   3   6   7   4   5   2   3   6   5   8   7  10   9   6   7   4   3   6   5   8   9   6   7   4   5

Q diagonal vector for K_87/59
 17  14  15  12  13  16  15  12  13  10  11  14  13  10  11   8   9  12  11   8   9   6   7  10   9   6   7   4   5   8   7  10  11   8   7  10   9  12  13  10   9  12  11  14  15  12  11  14  13  16  17  14  13  16  15  18  19  16  17  14  15  18  17  14  15  12  13  16  15  12  13  10  11  14  13  10  11   8   9  12  11   8   9   6   7  10   9

Q diagonal vector for K_87/65
-17 -20 -19 -22 -21 -24 -23 -26 -25 -28 -27 -30 -29 -32 -31 -34 -33 -36 -35 -38 -37 -40 -39 -36 -37 -34 -35 -32 -33 -30 -31 -28 -29 -26 -27 -24 -25 -22 -23 -20 -21 -18 -19 -16 -15 -18 -17 -20 -19 -22 -21 -24 -23 -26 -25 -28 -27 -30 -29 -32 -31 -34 -33 -36 -35 -38 -37 -34 -35 -32 -33 -30 -31 -28 -29 -26 -27 -24 -25 -22 -23 -20 -21 -18 -19 -16 -17

Q diagonal vector for K_87/67
 10   7   8   5   6   3   4   7   6   9   8  11  10  13  12   9  10   7   8   5   6   9   8  11  10  13  14  11  12   9  10   7   8   5   4   7   6   9   8  11  12   9  10   7   8   5   6   9   8  11  10  13  12  15  14  11  12   9  10   7   8  11  10  13  12  15  16  13  14  11  12   9  10   7   6   9   8  11  10  13  14  11  12   9  10   7   8

Q diagonal vector for K_87/73
  2  -1   0   3   2   5   4   1   2   5   4   7   6   3   4   7   8   5   6   3   2   5   6   3   4   1   0   3   4   1   2   5   4   7   6   3   4   7   6   9   8   5   6   9  10   7   8   5   4   7   8   5   6   3   2   5   6   3   4   7   6   9   8   5   6   9   8  11  10   7   8  11  12   9  10   7   6   9  10   7   8   5   4   7   8   5   6

Q diagonal vector for K_87/76
-14 -13 -16 -15 -18 -17 -20 -19 -22 -21 -24 -23 -20 -21 -18 -19 -16 -17 -14 -15 -12 -13 -16 -15 -18 -17 -20 -19 -22 -21 -24 -23 -26 -25 -22 -23 -20 -21 -18 -19 -16 -17 -14 -15 -18 -17 -20 -19 -22 -21 -24 -23 -26 -25 -28 -27 -24 -25 -22 -23 -20 -21 -18 -19 -16 -17 -20 -19 -22 -21 -24 -23 -26 -25 -28 -27 -30 -29 -26 -27 -24 -25 -22 -23 -20 -21 -18

Q diagonal vector for K_87/83
-17 -20 -19 -22 -21 -18 -19 -16 -15 -18 -17 -20 -19 -16 -17 -14 -13 -16 -15 -18 -17 -14 -15 -12 -11 -14 -13 -16 -15 -12 -13 -10  -9 -12 -11 -14 -13 -10 -11  -8  -7 -10  -9 -12 -11  -8  -9  -6  -5  -8  -7 -10  -9  -6  -7  -4  -3  -6  -5  -8  -7  -4  -5  -2  -1  -4  -3  -6  -5  -2  -3   0   1  -2  -1  -4  -3   0  -1   2   3   0   1  -2  -1   2   1

Q diagonal vector for K_87/85
-38 -41 -40 -37 -36 -39 -38 -35 -34 -37 -36 -33 -32 -35 -34 -31 -30 -33 -32 -29 -28 -31 -30 -27 -26 -29 -28 -25 -24 -27 -26 -23 -22 -25 -24 -21 -20 -23 -22 -19 -18 -21 -20 -17 -16 -19 -18 -15 -14 -17 -16 -13 -12 -15 -14 -11 -10 -13 -12  -9  -8 -11 -10  -7  -6  -9  -8  -5  -4  -7  -6  -3  -2  -5  -4  -1   0  -3  -2   1   2  -1   0   3   4   1   2

Q diagonal vector for K_89/1
 88  85  86  83  84  81  82  79  80  77  78  75  76  73  74  71  72  69  70  67  68  65  66  63  64  61  62  59  60  57  58  55  56  53  54  51  52  49  50  47  48  45  46  43  44  41  42  39  40  37  38  35  36  33  34  31  32  29  30  27  28  25  26  23  24  21  22  19  20  17  18  15  16  13  14  11  12   9  10   7   8   5   6   3   4   1   2  -1   0

Q diagonal vector for K_89/2
-41 -40 -43 -42 -39 -38 -41 -40 -37 -36 -39 -38 -35 -34 -37 -36 -33 -32 -35 -34 -31 -30 -33 -32 -29 -28 -31 -30 -27 -26 -29 -28 -25 -24 -27 -26 -23 -22 -25 -24 -21 -20 -23 -22 -19 -18 -21 -20 -17 -16 -19 -18 -15 -14 -17 -16 -13 -12 -15 -14 -11 -10 -13 -12  -9  -8 -11 -10  -7  -6  -9  -8  -5  -4  -7  -6  -3  -2  -5  -4  -1   0  -3  -2   1   2  -1   0   3

Q diagonal vector for K_89/4
-17 -16 -19 -18 -21 -20 -17 -18 -15 -14 -17 -16 -19 -18 -15 -16 -13 -12 -15 -14 -17 -16 -13 -14 -11 -10 -13 -12 -15 -14 -11 -12  -9  -8 -11 -10 -13 -12  -9 -10  -7  -6  -9  -8 -11 -10  -7  -8  -5  -4  -7  -6  -9  -8  -5  -6  -3  -2  -5  -4  -7  -6  -3  -4  -1   0  -3  -2  -5  -4  -1  -2   1   2  -1   0  -3  -2   1   0   3   4   1   2  -1   0   3   2   5

Q diagonal vector for K_89/6
-11 -12  -9 -10  -7  -6  -9  -8 -11 -10 -13 -12  -9 -10  -7  -8  -5  -4  -7  -6  -9  -8 -11 -10  -7  -8  -5  -6  -3  -2  -5  -4  -7  -6  -9  -8  -5  -6  -3  -4  -1   0  -3  -2  -5  -4  -7  -6  -3  -4  -1  -2   1   2  -1   0  -3  -2  -5  -4  -1  -2   1   0   3   4   1   2  -1   0  -3  -2   1   0   3   2   5   6   3   4   1   2  -1   0   3   2   5   4   7

Q diagonal vector for K_89/7
 15  12  11  14  13  10  11   8   9  12  13  10  11  14  13  10   9  12  11   8   9   6   7  10  11   8   9  12  11   8   7  10   9   6   7   4   5   8   9   6   7  10   9   6   5   8   7   4   5   2   3   6   7   4   5   8   7   4   3   6   5   2   3   0   1   4   5   2   3   6   5   2   1   4   3   0   1  -2  -1   2   3   0   1   4   3   0  -1   2   1

Q diagonal vector for K_89/10
 -5  -6  -3  -4  -1  -2   1   0   3   4   1   2  -1   0  -3  -2  -5  -4  -7  -6  -3  -4  -1  -2   1   0   3   2   5   6   3   4   1   2  -1   0  -3  -2  -5  -4  -1  -2   1   0   3   2   5   4   7   8   5   6   3   4   1   2  -1   0  -3  -2   1   0   3   2   5   4   7   6   9  10   7   8   5   6   3   4   1   2  -1   0   3   2   5   4   7   6   9   8  11

Q diagonal vector for K_89/11
 18  15  16  13  14  11  12   9  10   7   8   5   6   9   8  11  10  13  12  15  14  17  16  13  14  11  12   9  10   7   8   5   6   3   4   7   6   9   8  11  10  13  12  15  14  11  12   9  10   7   8   5   6   3   4   1   2   5   4   7   6   9   8  11  10  13  12   9  10   7   8   5   6   3   4   1   2  -1   0   3   2   5   4   7   6   9   8  11  10

Q diagonal vector for K_89/16
 -2  -3   0  -1  -4  -5  -2  -3  -6  -5  -2  -1  -4  -3   0   1  -2  -1  -4  -5  -2  -3  -6  -7  -4  -3  -6  -5  -2  -1  -4  -3   0  -1   2   1  -2  -3   0  -1  -4  -3   0   1  -2  -1   2   3   0   1  -2  -3   0  -1  -4  -5  -2  -1  -4  -3   0   1  -2  -1   2   1   4   3   0  -1   2   1  -2  -1   2   3   0   1   4   5   2   3   0  -1   2   1  -2  -3   0

Q diagonal vector for K_89/17
  8   5   6   3   4   7   6   9  10   7   8   5   6   9   8  11  12   9  10   7   8   5   4   7   6   9   8   5   6   3   2   5   4   7   6   3   4   1   2   5   4   7   8   5   6   3   4   7   6   9  10   7   8   5   6   3   2   5   4   7   6   3   4   1   0   3   2   5   4   1   2  -1   0   3   2   5   6   3   4   1   2   5   4   7   8   5   6   3   4

Q diagonal vector for K_89/18
 -1  -2   1   0   3   2   5   4   7   6   9   8  11  10  13  12  15  16  13  14  11  12   9  10   7   8   5   6   3   4   1   2  -1   0  -3  -2   1   0   3   2   5   4   7   6   9   8  11  10  13  12  15  14  17  18  15  16  13  14  11  12   9  10   7   8   5   6   3   4   1   2  -1   0   3   2   5   4   7   6   9   8  11  10  13  12  15  14  17  16  19

Q diagonal vector for K_89/19
 11   8   9   6   7   4   3   6   5   8   7  10   9   6   7   4   5   2   3   0   1   4   3   6   5   8   9   6   7   4   5   2   3   6   5   8   7  10   9   6   7   4   5   2   1   4   3   6   5   8   7   4   5   2   3   0   1  -2  -1   2   1   4   3   6   7   4   5   2   3   0   1   4   3   6   5   8   7   4   5   2   3   0  -1   2   1   4   3   6   5

Q diagonal vector for K_89/20
 -2  -1  -4  -3   0   1  -2  -1   2   3   0  -1   2   1  -2  -3   0  -1  -4  -3  -6  -5  -2  -1  -4  -3   0   1  -2  -1   2   1  -2  -3   0  -1  -4  -5  -2  -3   0   1  -2  -1   2   3   0   1   4   5   2   1   4   3   0  -1   2   1  -2  -1  -4  -3   0   1  -2  -1   2   3   0   1   4   3   0  -1   2   1  -2  -3   0  -1   2   3   0   1   4   5   2   3   6

Q diagonal vector for K_89/21
 12   9  10   7   8   5   4   7   6   9  10   7   8   5   6   3   2   5   4   7   8   5   6   3   4   1   2   5   4   7   6   9   8   5   6   3   4   7   6   9   8  11  10   7   8   5   6   3   2   5   4   7   8   5   6   3   4   1   0   3   2   5   6   3   4   1   2  -1   0   3   2   5   4   7   6   3   4   1   2   5   4   7   6   9   8   5   6   3   4

Q diagonal vector for K_89/22
 19  20  17  18  15  16  13  14  11  12   9  10   7   8   5   6   3   4   1   2  -1   0  -3  -2   1   0   3   2   5   4   7   6   9   8  11  10  13  12  15  14  17  16  19  18  21  22  19  20  17  18  15  16  13  14  11  12   9  10   7   8   5   6   3   4   1   2  -1   0   3   2   5   4   7   6   9   8  11  10  13  12  15  14  17  16  19  18  21  20  23

Q diagonal vector for K_89/23
 -1  -4  -3   0  -1   2   1  -2  -1   2   1   4   3   0   1   4   3   6   5   2   3   6   7   4   5   2   1   4   5   2   3   0  -1   2   3   0   1  -2  -3   0   1  -2  -1  -4  -5  -2  -3  -6  -5  -2  -3   0  -1  -4  -3   0  -1   2   1  -2  -1   2   1   4   3   0   1   4   5   2   3   0  -1   2   3   0   1  -2  -3   0   1  -2  -1  -4  -5  -2  -1  -4  -3

Q diagonal vector for K_89/25
 -2  -5  -6  -3  -4  -1   0  -3  -4  -1  -2   1   2  -1   0   3   2  -1   0  -3  -2   1   0  -3  -2  -5  -4  -1   0  -3  -4  -1  -2   1   2  -1  -2   1   0  -3  -2  -5  -4  -1  -2  -5  -4  -7  -6  -3  -4  -7  -8  -5  -6  -3  -2  -5  -6  -3  -4  -1   0  -3  -2   1   0  -3  -2  -5  -4  -1  -2  -5  -4  -7  -6  -3  -2  -5  -6  -3  -4  -1   0  -3  -4  -1  -2

Q diagonal vector for K_89/27
  3   0   1   4   3   6   5   2   3   6   7   4   5   2   1   4   5   2   3   6   5   8   7   4   5   8   9   6   7   4   3   6   7   4   5   2   1   4   3   0   1   4   3   6   5   2   1   4   5   2   3   0  -1   2   1  -2  -1   2   1   4   3   0   1   4   5   2   3   0  -1   2   3   0   1   4   3   6   5   2   3   6   7   4   5   2   1   4   5   2   3

Q diagonal vector for K_89/28
 -6  -7  -4  -5  -8  -7  -4  -3  -6  -5  -8  -9  -6  -7 -10  -9  -6  -5  -8  -7 -10 -11  -8  -9 -12 -11  -8  -7 -10  -9 -12 -13 -10  -9 -12 -11  -8  -9  -6  -7 -10 -11  -8  -7 -10  -9  -6  -7  -4  -5  -8  -9  -6  -5  -8  -7  -4  -5  -2  -3  -6  -5  -2  -1  -4  -3  -6  -7  -4  -5  -8  -7  -4  -3  -6  -5  -8  -9  -6  -7 -10  -9  -6  -5  -8  -7 -10 -11  -8

Q diagonal vector for K_89/29
  4   1   2   5   6   3   4   7   8   5   6   9  10   7   8  11  12   9  10  13  14  11  12  15  16  13  14  17  18  15  16  13  12  15  14  11  10  13  12   9   8  11  10   7   6   9   8   5   4   7   6   3   2   5   4   1   0   3   2  -1   0   3   4   1   2   5   6   3   4   7   8   5   6   9  10   7   8  11  12   9  10  13  14  11  12  15  16  13  14

Q diagonal vector for K_89/30
  1   0   3   2   5   4   7   6   9   8  11  10  13  12  15  14  17  16  19  18  21  20  23  22  25  24  27  26  29  30  27  28  25  26  23  24  21  22  19  20  17  18  15  16  13  14  11  12   9  10   7   8   5   6   3   4   1   2  -1   0   3   2   5   4   7   6   9   8  11  10  13  12  15  14  17  16  19  18  21  20  23  22  25  24  27  26  29  28  31

Q diagonal vector for K_89/31
  7   4   5   2   1   4   3   6   5   2   3   0  -1   2   1   4   3   0   1  -2  -3   0  -1   2   1  -2  -1  -4  -5  -2  -1  -4  -3  -6  -5  -2  -3   0   1  -2  -1  -4  -3   0  -1   2   3   0   1  -2  -1   2   1   4   5   2   3   0   1   4   3   6   5   2   3   0  -1   2   1   4   3   0   1  -2  -3   0  -1   2   1  -2  -1  -4  -5  -2  -3   0  -1  -4  -3

Q diagonal vector for K_89/33
  9   6   7   4   3   6   7   4   5   2   1   4   3   6   5   2   3   6   5   8   7   4   5   2   1   4   5   2   3   0  -1   2   3   0   1  -2  -1   2   1   4   3   0   1   4   3   6   7   4   5   2   1   4   5   2   3   0   1   4   3   6   5   2   3   6   5   8   7   4   5   2   1   4   5   2   3   0  -1   2   1   4   3   0   1   4   3   6   5   2   3

Q diagonal vector for K_89/34
  1   2  -1   0   3   2  -1  -2   1   0   3   4   1   0   3   2  -1   0  -3  -2   1   2  -1  -2   1   0   3   4   1   2   5   4   1   2  -1   0   3   4   1   0   3   2  -1   0  -3  -2   1   0  -3  -4  -1  -2   1   2  -1   0   3   2  -1   0  -3  -2   1   2  -1  -2   1   0   3   4   1   2   5   4   1   0   3   2   5   6   3   2   5   4   1   2  -1   0   3

Q diagonal vector for K_89/36
 -4  -3  -6  -5  -2  -1  -4  -3   0   1  -2  -1   2   3   0   1   4   5   2   1   4   3   0  -1   2   1  -2  -3   0  -1  -4  -5  -2  -3  -6  -5  -8  -7  -4  -3  -6  -5  -2  -1  -4  -3   0   1  -2  -1   2   3   0   1   4   3   0  -1   2   1  -2  -3   0  -1  -4  -5  -2  -3  -6  -7  -4  -5  -2  -1  -4  -3   0   1  -2  -1   2   3   0   1   4   5   2   3   6

Q diagonal vector for K_89/37
 12   9  10   7   8   5   6   3   4   7   6   9   8  11  10   7   8   5   6   3   4   1   0   3   2   5   4   7   6   9  10   7   8   5   6   3   4   1   2   5   4   7   6   9   8   5   6   3   4   1   2  -1   0   3   2   5   4   7   6   9  10   7   8   5   6   3   2   5   4   7   6   9   8  11  10   7   8   5   6   3   4   1   2   5   4   7   6   9   8

Q diagonal vector for K_89/40
  6   7   4   5   2   3   6   5   8   9   6   7   4   3   6   5   8   7   4   5   2   3   0   1   4   3   6   7   4   5   2   1   4   3   6   5   2   3   0   1  -2  -1   2   1   4   5   2   3   0   1   4   3   6   5   2   3   0  -1   2   1   4   3   6   7   4   5   2   3   6   5   8   7   4   5   2   1   4   3   6   5   8   9   6   7   4   5   8   7  10

Q diagonal vector for K_89/42
  8   9   6   7  10  11   8   7  10   9   6   7   4   5   8   9   6   5   8   7   4   5   2   3   6   7   4   3   6   5   2   3   0   1   4   5   2   1   4   3   0   1  -2  -1   2   3   0   1   4   3   0  -1   2   1   4   5   2   3   6   5   2   1   4   3   6   7   4   5   8   7   4   3   6   5   8   9   6   7  10   9   6   5   8   7  10  11   8   9  12

Q diagonal vector for K_89/43
 18  15  16  13  12  15  16  13  14  11  10  13  14  11  12   9   8  11  12   9  10   7   6   9  10   7   8   5   4   7   8   5   6   3   2   5   6   3   4   1   0   3   4   1   2  -1   0   3   2   5   4   1   2   5   4   7   6   3   4   7   6   9   8   5   6   9   8  11  10   7   8  11  10  13  12   9  10  13  12  15  14  11  12  15  14  17  16  13  14

Q diagonal vector for K_89/44
 43  44  41  42  39  40  37  38  35  36  33  34  31  32  29  30  27  28  25  26  23  24  21  22  19  20  17  18  15  16  13  14  11  12   9  10   7   8   5   6   3   4   1   2  -1   0   3   2   5   4   7   6   9   8  11  10  13  12  15  14  17  16  19  18  21  20  23  22  25  24  27  26  29  28  31  30  33  32  35  34  37  36  39  38  41  40  43  42  45

Q diagonal vector for K_89/48
 11  10  13  12  15  14  17  16  13  14  11  12   9  10  13  12  15  14  17  16  19  18  15  16  13  14  11  12  15  14  17  16  19  18  21  20  17  18  15  16  13  14  17  16  19  18  21  22  19  20  17  18  15  16  13  12  15  14  17  16  19  20  17  18  15  16  13  14  11  10  13  12  15  14  17  18  15  16  13  14  11  12   9   8  11  10  13  12  15

Q diagonal vector for K_89/50
  2   3   0   1  -2  -3   0  -1   2   1   4   3   0   1  -2  -1  -4  -3   0  -1   2   1   4   5   2   3   0  -1   2   1   4   3   6   5   2   3   0   1  -2  -1   2   1   4   3   6   7   4   5   2   3   0   1   4   3   6   5   2   3   0   1  -2  -3   0  -1   2   1   4   5   2   3   0   1  -2  -1   2   1   4   3   0   1  -2  -1  -4  -5  -2  -3   0  -1   2

Q diagonal vector for K_89/51
 24  21  22  19  20  17  18  15  16  13  14  11  12  15  14  17  16  19  18  21  20  23  22  25  24  27  26  23  24  21  22  19  20  17  18  15  16  13  14  17  16  19  18  21  20  23  22  25  24  27  28  25  26  23  24  21  22  19  20  17  18  15  16  13  12  15  14  17  16  19  18  21  20  23  22  25  26  23  24  21  22  19  20  17  18  15  16  13  14

Q diagonal vector for K_89/54
  6   7   4   3   6   5   8   9   6   5   8   7  10  11   8   7  10   9  12  11   8   9   6   7  10   9   6   7   4   5   8   7   4   5   2   3   6   5   8   9   6   5   8   7  10  11   8   7  10   9  12  13  10  11   8   9  12  11   8   9   6   7  10   9   6   7   4   5   8   7   4   5   2   1   4   3   6   7   4   3   6   5   8   9   6   5   8   7  10

Q diagonal vector for K_89/57
  0  -3  -2  -5  -6  -3  -4  -1  -2  -5  -4  -1  -2   1   2  -1   0  -3  -4  -1  -2   1   0  -3  -2   1   0   3   4   1   2  -1   0   3   2   5   4   1   2  -1  -2   1   2  -1   0  -3  -2   1   0   3   2  -1   0  -3  -4  -1   0  -3  -2  -5  -4  -1  -2   1   2  -1   0  -3  -4  -1  -2   1   0  -3  -2   1   0   3   4   1   2  -1  -2   1   0   3   2  -1   0

Q diagonal vector for K_89/63
  3   0   1  -2  -1   2   1   4   5   2   3   0   1   4   3   0   1  -2  -3   0  -1   2   1  -2  -1  -4  -3   0  -1   2   3   0   1  -2  -1   2   1   4   5   2   1   4   3   6   5   2   3   0  -1   2   1   4   5   2   3   0   1   4   3   6   7   4   5   2   3   6   5   2   3   0  -1   2   1   4   3   0   1  -2  -1   2   1   4   5   2   3   0   1   4   3

Q diagonal vector for K_89/65
  4   1   2  -1   0   3   2  -1   0  -3  -4  -1  -2   1   2  -1   0  -3  -2   1   0  -3  -2  -5  -4  -1  -2   1   2  -1  -2   1   0   3   2  -1   0  -3  -2   1   0   3   4   1   0   3   2   5   6   3   4   1   2   5   4   1   2  -1  -2   1   0   3   4   1   2  -1   0   3   2  -1   0  -3  -2   1   0   3   4   1   0   3   2   5   4   1   2  -1   0   3   2

Q diagonal vector for K_89/74
-16 -15 -18 -17 -20 -19 -22 -21 -24 -23 -26 -25 -28 -27 -30 -29 -26 -27 -24 -25 -22 -23 -20 -21 -18 -19 -16 -17 -14 -15 -18 -17 -20 -19 -22 -21 -24 -23 -26 -25 -28 -27 -30 -29 -32 -31 -28 -29 -26 -27 -24 -25 -22 -23 -20 -21 -18 -19 -16 -17 -20 -19 -22 -21 -24 -23 -26 -25 -28 -27 -30 -29 -32 -31 -34 -33 -30 -31 -28 -29 -26 -27 -24 -25 -22 -23 -20 -21 -18

Q diagonal vector for K_89/75
  4   1   2  -1   0   3   2   5   4   7   6   3   4   1   2   5   4   7   8   5   6   3   4   1   0   3   2   5   6   3   4   1   2   5   4   7   6   9   8   5   6   3   4   7   6   9  10   7   8   5   6   3   2   5   4   7   8   5   6   3   4   7   6   9   8  11  10   7   8   5   6   9   8  11  12   9  10   7   8   5   4   7   6   9  10   7   8   5   6

Q diagonal vector for K_89/76
 -1  -2   1   0  -3  -4  -1  -2  -5  -6  -3  -4  -7  -6  -3  -2  -5  -4  -1   0  -3  -2   1   2  -1   0  -3  -4  -1  -2  -5  -6  -3  -4  -7  -8  -5  -6  -9  -8  -5  -4  -7  -6  -3  -2  -5  -4  -1   0  -3  -2  -5  -6  -3  -4  -7  -8  -5  -6  -9 -10  -7  -8 -11 -10  -7  -6  -9  -8  -5  -4  -7  -6  -3  -2  -5  -4  -7  -8  -5  -6  -9 -10  -7  -8 -11 -12  -9

Q diagonal vector for K_89/77
  0  -3  -2   1   2  -1   0  -3  -4  -1  -2  -5  -4  -1   0  -3  -2   1   0   3   2  -1  -2   1   2  -1   0   3   4   1   2  -1  -2   1   0  -3  -2   1   2  -1   0   3   2   5   4   1   0   3   4   1   2   5   6   3   4   1   0   3   2  -1   0   3   4   1   2   5   4   7   6   3   2   5   6   3   4   7   8   5   6   3   2   5   4   1   2   5   6   3   4

Q diagonal vector for K_89/80
-14 -13 -16 -15 -18 -17 -20 -19 -22 -21 -18 -19 -16 -17 -14 -15 -12 -13 -16 -15 -18 -17 -20 -19 -22 -21 -24 -23 -20 -21 -18 -19 -16 -17 -14 -15 -18 -17 -20 -19 -22 -21 -24 -23 -26 -25 -22 -23 -20 -21 -18 -19 -16 -17 -20 -19 -22 -21 -24 -23 -26 -25 -28 -27 -24 -25 -22 -23 -20 -21 -18 -19 -22 -21 -24 -23 -26 -25 -28 -27 -30 -29 -26 -27 -24 -25 -22 -23 -20

Q diagonal vector for K_89/81
  6   3   4   1   2  -1   0  -3  -2   1   0   3   2   5   4   7   8   5   6   3   4   1   2  -1   0   3   2   5   4   7   6   9  10   7   8   5   6   3   4   1   2   5   4   7   6   9   8  11  12   9  10   7   8   5   6   3   4   7   6   9   8  11  10  13  14  11  12   9  10   7   8   5   6   9   8  11  10  13  12  15  16  13  14  11  12   9  10   7   8

Q diagonal vector for K_89/84
-18 -17 -20 -19 -22 -21 -18 -19 -16 -17 -20 -19 -22 -21 -24 -23 -20 -21 -18 -19 -22 -21 -24 -23 -26 -25 -22 -23 -20 -21 -24 -23 -26 -25 -28 -27 -24 -25 -22 -23 -26 -25 -28 -27 -30 -29 -26 -27 -24 -25 -28 -27 -30 -29 -32 -31 -28 -29 -26 -27 -30 -29 -32 -31 -34 -33 -30 -31 -28 -29 -32 -31 -34 -33 -36 -35 -32 -33 -30 -31 -34 -33 -36 -35 -38 -37 -34 -35 -32

Q diagonal vector for K_89/86
-28 -27 -30 -29 -26 -27 -30 -29 -32 -31 -28 -29 -32 -31 -34 -33 -30 -31 -34 -33 -36 -35 -32 -33 -36 -35 -38 -37 -34 -35 -38 -37 -40 -39 -36 -37 -40 -39 -42 -41 -38 -39 -42 -41 -44 -43 -40 -41 -44 -43 -46 -45 -42 -43 -46 -45 -48 -47 -44 -45 -48 -47 -50 -49 -46 -47 -50 -49 -52 -51 -48 -49 -52 -51 -54 -53 -50 -51 -54 -53 -56 -55 -52 -53 -56 -55 -58 -57 -54

Q diagonal vector for K_91/1
 90  87  88  85  86  83  84  81  82  79  80  77  78  75  76  73  74  71  72  69  70  67  68  65  66  63  64  61  62  59  60  57  58  55  56  53  54  51  52  49  50  47  48  45  46  43  44  41  42  39  40  37  38  35  36  33  34  31  32  29  30  27  28  25  26  23  24  21  22  19  20  17  18  15  16  13  14  11  12   9  10   7   8   5   6   3   4   1   2  -1   0

Q diagonal vector for K_91/3
 32  29  30  27  28  31  30  27  28  25  26  29  28  25  26  23  24  27  26  23  24  21  22  25  24  21  22  19  20  23  22  19  20  17  18  21  20  17  18  15  16  19  18  15  16  13  14  17  16  13  14  11  12  15  14  11  12   9  10  13  12   9  10   7   8  11  10   7   8   5   6   9   8   5   6   3   4   7   6   3   4   1   2   5   4   1   2  -1   0   3   2

Q diagonal vector for K_91/4
-19 -20 -17 -16 -19 -18 -21 -20 -17 -18 -15 -14 -17 -16 -19 -18 -15 -16 -13 -12 -15 -14 -17 -16 -13 -14 -11 -10 -13 -12 -15 -14 -11 -12  -9  -8 -11 -10 -13 -12  -9 -10  -7  -6  -9  -8 -11 -10  -7  -8  -5  -4  -7  -6  -9  -8  -5  -6  -3  -2  -5  -4  -7  -6  -3  -4  -1   0  -3  -2  -5  -4  -1  -2   1   2  -1   0  -3  -2   1   0   3   4   1   2  -1   0   3   2   5

Q diagonal vector for K_91/5
 22  19  20  17  18  15  16  19  18  21  20  17  18  15  16  13  14  17  16  19  18  15  16  13  14  11  12  15  14  17  16  13  14  11  12   9  10  13  12  15  14  11  12   9  10   7   8  11  10  13  12   9  10   7   8   5   6   9   8  11  10   7   8   5   6   3   4   7   6   9   8   5   6   3   4   1   2   5   4   7   6   3   4   1   2  -1   0   3   2   5   4

Q diagonal vector for K_91/8
-11 -10 -13 -12  -9 -10 -13 -12 -15 -14 -11 -10 -13 -14 -11 -12  -9  -8 -11 -10  -7  -8 -11 -10 -13 -12  -9  -8 -11 -12  -9 -10  -7  -6  -9  -8  -5  -6  -9  -8 -11 -10  -7  -6  -9 -10  -7  -8  -5  -4  -7  -6  -3  -4  -7  -6  -9  -8  -5  -4  -7  -8  -5  -6  -3  -2  -5  -4  -1  -2  -5  -4  -7  -6  -3  -2  -5  -6  -3  -4  -1   0  -3  -2   1   0  -3  -2  -5  -4  -1

Q diagonal vector for K_91/9
 18  15  16  13  14  11  12   9  10   7   8  11  10  13  12  15  14  17  16  13  14  11  12   9  10   7   8   5   6   9   8  11  10  13  12  15  14  11  12   9  10   7   8   5   6   3   4   7   6   9   8  11  10  13  12   9  10   7   8   5   6   3   4   1   2   5   4   7   6   9   8  11  10   7   8   5   6   3   4   1   2  -1   0   3   2   5   4   7   6   9   8

Q diagonal vector for K_91/15
 20  17  18  15  16  13  14  11  12   9  10   7   8   5   6   3   4   7   6   9   8  11  10  13  12  15  14  17  16  19  18  15  16  13  14  11  12   9  10   7   8   5   6   3   4   1   2   5   4   7   6   9   8  11  10  13  12  15  14  17  16  13  14  11  12   9  10   7   8   5   6   3   4   1   2  -1   0   3   2   5   4   7   6   9   8  11  10  13  12  15  14

Q diagonal vector for K_91/17
 10   7   8   5   6   3   4   7   6   9   8  11  12   9  10   7   8   5   6   9   8  11  10   7   8   5   6   3   2   5   4   7   6   9   8   5   6   3   4   1   2   5   4   7   6   9  10   7   8   5   6   3   4   7   6   9   8   5   6   3   4   1   0   3   2   5   4   7   6   3   4   1   2  -1   0   3   2   5   4   7   8   5   6   3   4   1   2   5   4   7   6

Q diagonal vector for K_91/20
  3   2   5   4   1   0   3   2  -1  -2   1   2  -1   0   3   4   1   2   5   6   3   4   1   0   3   2  -1  -2   1   0  -3  -2   1   2  -1   0   3   4   1   2   5   4   7   6   3   2   5   4   1   0   3   4   1   2   5   6   3   4   7   8   5   6   3   2   5   4   1   0   3   2  -1   0   3   4   1   2   5   6   3   4   7   6   9   8   5   4   7   6   3   2   5

Q diagonal vector for K_91/22
  5   4   7   8   5   6   3   2   5   6   3   4   1   0   3   4   1   2  -1  -2   1   2  -1   0  -3  -2   1   0   3   2  -1   0   3   2   5   4   1   2   5   4   7   6   3   4   7   6   9  10   7   8   5   4   7   8   5   6   3   2   5   6   3   4   1   0   3   4   1   2  -1   0   3   2   5   4   1   2   5   4   7   6   3   4   7   6   9   8   5   6   9   8  11

Q diagonal vector for K_91/24
 -4  -5  -2  -3   0  -1  -4  -3  -6  -5  -2  -3   0  -1   2   1  -2  -1  -4  -3   0  -1   2   3   0   1  -2  -1  -4  -5  -2  -3   0   1  -2  -1  -4  -3  -6  -7  -4  -5  -2  -1  -4  -3  -6  -5  -2  -3   0  -1   2   1  -2  -1  -4  -3   0  -1   2   1   4   3   0   1  -2  -1   2   1   4   5   2   3   0   1  -2  -3   0  -1   2   3   0   1  -2  -1  -4  -5  -2  -3   0

Q diagonal vector for K_91/25
  2  -1  -2   1   0  -3  -4  -1  -2   1   2  -1   0   3   4   1   2   5   4   1   0   3   2  -1   0  -3  -2   1   2  -1   0   3   4   1   0   3   2  -1  -2   1   0  -3  -2  -5  -4  -1   0  -3  -2   1   0  -3  -4  -1  -2  -5  -6  -3  -4  -1   0  -3  -2   1   2  -1   0   3   2  -1  -2   1   0  -3  -2  -5  -4  -1   0  -3  -2   1   2  -1  -2   1   0  -3  -4  -1  -2

Q diagonal vector for K_91/27
  8   5   6   3   2   5   6   3   4   1   2   5   4   7   6   3   4   7   6   9  10   7   8   5   4   7   8   5   6   3   4   7   6   9   8   5   6   3   2   5   6   3   4   1   0   3   2   5   4   1   2   5   4   7   6   3   4   1   0   3   4   1   2  -1   0   3   2   5   4   1   2   5   4   7   8   5   6   3   2   5   6   3   4   1   2   5   4   7   6   3   4

Q diagonal vector for K_91/31
  5   2   1   4   3   0  -1   2   1  -2  -3   0  -1  -4  -5  -2  -3  -6  -7  -4  -5  -8  -9  -6  -7 -10 -11  -8  -9 -12 -11 -14 -13 -10  -9 -12 -11  -8  -7 -10  -9  -6  -5  -8  -7  -4  -3  -6  -5  -2  -1  -4  -3   0   1  -2  -1   2   3   0   1   4   3   0  -1   2   1  -2  -3   0  -1  -4  -5  -2  -3  -6  -7  -4  -5  -8  -9  -6  -7 -10 -11  -8  -9 -12 -13 -10 -11

Q diagonal vector for K_91/32
  3   2   5   4   1   0   3   4   1   2   5   4   7   6   3   2   5   6   3   4   7   6   9   8   5   4   7   8   5   6   9  10   7   8   5   4   7   6   3   4   7   8   5   6   3   2   5   4   1   2   5   6   3   4   1   0   3   2  -1   0   3   4   1   2   5   4   7   6   3   2   5   6   3   4   7   6   9   8   5   4   7   8   5   6   9   8  11  10   7   6   9

Q diagonal vector for K_91/34
 11  12   9  10   7   8   5   6   3   4   1   0   3   2   5   4   7   6   9   8  11  10  13  14  11  12   9  10   7   8   5   6   3   4   1   2   5   4   7   6   9   8  11  10  13  12   9  10   7   8   5   6   3   4   1   2  -1   0   3   2   5   4   7   6   9   8  11  10  13  14  11  12   9  10   7   8   5   6   3   2   5   4   7   6   9   8  11  10  13  12  15

Q diagonal vector for K_91/36
  9   8  11  10   7   6   9   8   5   4   7   6   3   2   5   4   1   0   3   4   1   2   5   6   3   4   7   8   5   6   9  10   7   8  11  12   9  10   7   6   9   8   5   4   7   6   3   2   5   4   1   0   3   2  -1   0   3   4   1   2   5   6   3   4   7   8   5   6   9  10   7   8  11  10  13  12   9   8  11  10   7   6   9   8   5   4   7   6   3   2   5

Q diagonal vector for K_91/45
 46  43  44  41  42  39  40  37  38  35  36  33  34  31  32  29  30  27  28  25  26  23  24  21  22  19  20  17  18  15  16  13  14  11  12   9  10   7   8   5   6   3   4   1   2  -1   0   3   2   5   4   7   6   9   8  11  10  13  12  15  14  17  16  19  18  21  20  23  22  25  24  27  26  29  28  31  30  33  32  35  34  37  36  39  38  41  40  43  42  45  44

Q diagonal vector for K_91/47
 16  13  14  17  16  19  18  15  16  19  18  21  20  17  18  21  20  23  22  19  20  23  22  25  24  21  22  25  24  27  26  23  24  27  26  29  28  25  26  29  28  31  30  27  28  31  32  29  30  27  26  29  30  27  28  25  24  27  28  25  26  23  22  25  26  23  24  21  20  23  24  21  22  19  18  21  22  19  20  17  16  19  20  17  18  15  14  17  18  15  16

Q diagonal vector for K_91/48
  7   8   5   6   9   8   5   4   7   6   9  10   7   8  11  10   7   6   9   8  11  12   9  10  13  12   9   8  11  10  13  14  11  12  15  14  11  10  13  12  15  16  13  14  17  16  13  14  11  12  15  16  13  12  15  14  11  12   9  10  13  14  11  10  13  12   9  10   7   8  11  12   9   8  11  10   7   8   5   6   9  10   7   6   9   8   5   6   3   4   7

Q diagonal vector for K_91/50
  1   2  -1   0  -3  -2   1   0   3   2  -1   0  -3  -4  -1  -2   1   0   3   4   1   2  -1   0   3   2   5   4   1   2  -1  -2   1   0   3   2   5   6   3   4   1   2   5   4   7   6   3   4   1   2  -1   0   3   2   5   6   3   4   1   0   3   2   5   4   1   2  -1   0  -3  -2   1   0   3   4   1   2  -1  -2   1   0   3   2  -1   0  -3  -2  -5  -4  -1  -2   1

Q diagonal vector for K_91/51
  6   3   4   1   0   3   2   5   4   1   2   5   4   7   8   5   6   3   4   7   6   9   8   5   6   3   2   5   4   7   6   3   4   7   6   9  10   7   8   5   6   9   8  11  10   7   8   5   4   7   8   5   6   3   4   7   6   9  10   7   8   5   4   7   6   9   8   5   6   3   2   5   6   3   4   1   2   5   4   7   8   5   6   3   2   5   4   7   6   3   4

Q diagonal vector for K_91/53
 -1  -4  -3  -6  -5  -8  -7 -10  -9  -6  -7  -4  -5  -2  -3   0   1  -2  -1  -4  -3  -6  -7  -4  -5  -2  -3   0  -1   2   1  -2  -1  -4  -3  -6  -5  -8  -7  -4  -5  -2  -3   0  -1   2   3   0   1  -2  -1  -4  -3  -6  -5  -2  -3   0  -1   2   1  -2  -1  -4  -3  -6  -5  -8  -9  -6  -7  -4  -5  -2  -3   0   1  -2  -1  -4  -3  -6  -5  -8  -7  -4  -5  -2  -3   0  -1

Q diagonal vector for K_91/54
 -3  -2  -5  -4  -1  -2  -5  -4  -7  -6  -3  -4  -7  -6  -9  -8  -5  -6  -9 -10  -7  -8  -5  -4  -7  -8  -5  -6  -3  -2  -5  -6  -3  -4  -1   0  -3  -2   1   0  -3  -2  -5  -4  -1  -2  -5  -4  -7  -6  -3  -4  -7  -6  -9  -8  -5  -4  -7  -8  -5  -6  -3  -2  -5  -6  -3  -4  -1   0  -3  -4  -1  -2  -5  -4  -7  -6  -3  -4  -7  -6  -9  -8  -5  -6  -9  -8 -11 -10  -7

Q diagonal vector for K_91/58
  9   8  11  10  13  12  15  14  17  16  13  14  11  12   9  10   7   6   9   8  11  10  13  12  15  14  11  12   9  10   7   8   5   6   9   8  11  10  13  12  15  16  13  14  11  12   9  10   7   8  11  10  13  12  15  14  17  18  15  16  13  14  11  12   9  10   7   6   9   8  11  10  13  12  15  14  11  12   9  10   7   8   5   4   7   6   9   8  11  10  13

Q diagonal vector for K_91/61
 58  55  56  53  54  51  52  49  50  47  48  45  46  43  44  41  42  39  40  37  38  35  36  33  34  31  32  29  30  27  28  31  30  33  32  35  34  37  36  39  38  41  40  43  42  45  44  47  46  49  48  51  50  53  52  55  54  57  56  59  60  57  58  55  56  53  54  51  52  49  50  47  48  45  46  43  44  41  42  39  40  37  38  35  36  33  34  31  32  29  30

Q diagonal vector for K_91/62
-10  -9 -12 -11 -14 -13 -10 -11  -8  -7 -10  -9 -12 -11  -8  -9  -6  -5  -8  -7 -10  -9  -6  -7  -4  -3  -6  -5  -8  -7  -4  -5  -2  -3  -6  -5  -8  -9  -6  -7  -4  -5  -8  -7 -10 -11  -8  -9  -6  -7 -10  -9 -12 -13 -10 -11  -8  -9 -12 -11 -14 -13 -16 -15 -12 -13 -10  -9 -12 -11 -14 -13 -10 -11  -8  -7 -10  -9 -12 -11  -8  -9  -6  -5  -8  -7 -10  -9  -6  -7  -4

Q diagonal vector for K_91/68
-22 -21 -24 -23 -26 -25 -28 -27 -30 -29 -32 -31 -34 -33 -36 -35 -38 -37 -40 -39 -42 -41 -44 -43 -40 -41 -38 -39 -36 -37 -34 -35 -32 -33 -30 -31 -28 -29 -26 -27 -24 -25 -22 -23 -20 -21 -24 -23 -26 -25 -28 -27 -30 -29 -32 -31 -34 -33 -36 -35 -38 -37 -40 -39 -42 -41 -44 -43 -46 -45 -42 -43 -40 -41 -38 -39 -36 -37 -34 -35 -32 -33 -30 -31 -28 -29 -26 -27 -24 -25 -22

Q diagonal vector for K_91/72
  0   1  -2  -3   0  -1   2   1  -2  -1  -4  -5  -2  -3   0  -1  -4  -3  -6  -5  -2  -3   0   1  -2  -1  -4  -3   0  -1   2   3   0   1  -2  -1   2   1  -2  -1  -4  -5  -2  -3   0  -1  -4  -3  -6  -7  -4  -5  -2  -3  -6  -5  -8  -7  -4  -5  -2  -1  -4  -3  -6  -5  -2  -3   0   1  -2  -1  -4  -3   0  -1  -4  -3  -6  -7  -4  -5  -2  -3  -6  -5  -8  -9  -6  -7  -4

Q diagonal vector for K_91/73
 32  29  30  27  28  25  26  23  24  21  22  19  20  17  18  15  16  13  14  17  16  19  18  21  20  23  22  25  24  27  26  29  28  31  30  33  34  31  32  29  30  27  28  25  26  23  24  21  22  19  20  17  18  15  16  19  18  21  20  23  22  25  24  27  26  29  28  31  30  33  32  35  36  33  34  31  32  29  30  27  28  25  26  23  24  21  22  19  20  17  18

Q diagonal vector for K_91/75
  7   4   5   2   3   0  -1   2   1   4   5   2   3   0   1  -2  -1   2   1   4   3   6   5   2   3   0   1   4   3   6   5   8   9   6   7   4   5   2   1   4   3   6   7   4   5   2   3   0   1   4   3   6   5   8   7   4   5   2   3   6   5   8   7  10  11   8   9   6   7   4   3   6   5   8   9   6   7   4   5   2   3   6   5   8   7  10   9   6   7   4   5

Q diagonal vector for K_91/79
 -3  -6  -7  -4  -5  -8  -7 -10  -9  -6  -5  -8  -7  -4  -5  -8  -9  -6  -7  -4  -3  -6  -5  -2  -1  -4  -5  -2  -3  -6  -5  -8  -7  -4  -3  -6  -5  -2  -3  -6  -7  -4  -5  -2  -1  -4  -3   0   1  -2  -3   0  -1  -4  -3  -6  -5  -2  -1  -4  -3   0  -1  -4  -5  -2  -3   0   1  -2  -1   2   3   0  -1   2   1  -2  -1  -4  -3   0   1  -2  -1   2   1  -2  -3   0  -1

Q diagonal vector for K_91/80
 -1  -2   1   0  -3  -2   1   0   3   2  -1   0   3   4   1   2  -1  -2   1   2  -1   0  -3  -4  -1  -2  -5  -4  -1  -2   1   0  -3  -2   1   2  -1   0  -3  -4  -1   0  -3  -2  -5  -6  -3  -4  -7  -6  -3  -4  -1  -2  -5  -4  -1   0  -3  -2  -5  -6  -3  -2  -5  -4  -7  -8  -5  -6  -9  -8  -5  -6  -3  -4  -7  -6  -3  -2  -5  -4  -7  -8  -5  -4  -7  -6  -9 -10  -7

Q diagonal vector for K_91/81
 12   9  10   7   8   5   6   3   4   1   2   5   4   7   6   9   8  11  10  13  14  11  12   9  10   7   8   5   6   3   4   7   6   9   8  11  10  13  12  15  16  13  14  11  12   9  10   7   8   5   6   9   8  11  10  13  12  15  14  17  18  15  16  13  14  11  12   9  10   7   8  11  10  13  12  15  14  17  16  19  20  17  18  15  16  13  14  11  12   9  10

Q diagonal vector for K_91/85
 -2  -5  -4  -7  -6  -9  -8  -5  -6  -3  -4  -1   0  -3  -2  -5  -4  -7  -6  -3  -4  -1  -2   1   2  -1   0  -3  -2  -5  -4  -1  -2   1   0   3   4   1   2  -1   0  -3  -2   1   0   3   2   5   6   3   4   1   2  -1   0   3   2   5   4   7   8   5   6   3   4   1   2   5   4   7   6   9  10   7   8   5   6   3   4   7   6   9   8  11  12   9  10   7   8   5   6

Q diagonal vector for K_91/89
-40 -43 -42 -39 -38 -41 -40 -37 -36 -39 -38 -35 -34 -37 -36 -33 -32 -35 -34 -31 -30 -33 -32 -29 -28 -31 -30 -27 -26 -29 -28 -25 -24 -27 -26 -23 -22 -25 -24 -21 -20 -23 -22 -19 -18 -21 -20 -17 -16 -19 -18 -15 -14 -17 -16 -13 -12 -15 -14 -11 -10 -13 -12  -9  -8 -11 -10  -7  -6  -9  -8  -5  -4  -7  -6  -3  -2  -5  -4  -1   0  -3  -2   1   2  -1   0   3   4   1   2

Q diagonal vector for K_93/1
 92  89  90  87  88  85  86  83  84  81  82  79  80  77  78  75  76  73  74  71  72  69  70  67  68  65  66  63  64  61  62  59  60  57  58  55  56  53  54  51  52  49  50  47  48  45  46  43  44  41  42  39  40  37  38  35  36  33  34  31  32  29  30  27  28  25  26  23  24  21  22  19  20  17  18  15  16  13  14  11  12   9  10   7   8   5   6   3   4   1   2  -1   0

Q diagonal vector for K_93/2
-43 -42 -45 -44 -41 -40 -43 -42 -39 -38 -41 -40 -37 -36 -39 -38 -35 -34 -37 -36 -33 -32 -35 -34 -31 -30 -33 -32 -29 -28 -31 -30 -27 -26 -29 -28 -25 -24 -27 -26 -23 -22 -25 -24 -21 -20 -23 -22 -19 -18 -21 -20 -17 -16 -19 -18 -15 -14 -17 -16 -13 -12 -15 -14 -11 -10 -13 -12  -9  -8 -11 -10  -7  -6  -9  -8  -5  -4  -7  -6  -3  -2  -5  -4  -1   0  -3  -2   1   2  -1   0   3

Q diagonal vector for K_93/8
-10 -11  -8  -9 -12 -11  -8  -7 -10  -9 -12 -13 -10  -9 -12 -11  -8  -9  -6  -7 -10  -9  -6  -5  -8  -7 -10 -11  -8  -7 -10  -9  -6  -7  -4  -5  -8  -7  -4  -3  -6  -5  -8  -9  -6  -5  -8  -7  -4  -5  -2  -3  -6  -5  -2  -1  -4  -3  -6  -7  -4  -3  -6  -5  -2  -3   0  -1  -4  -3   0   1  -2  -1  -4  -5  -2  -1  -4  -3   0  -1   2   1  -2  -1   2   3   0   1  -2  -3   0

Q diagonal vector for K_93/11
 14  11  12   9  10   7   6   9   8  11  12   9  10   7   8   5   6   9   8  11  10  13  12   9  10   7   8   5   4   7   6   9  10   7   8   5   6   3   4   7   6   9   8  11  10   7   8   5   6   3   2   5   4   7   8   5   6   3   4   1   2   5   4   7   6   9   8   5   6   3   4   1   0   3   2   5   6   3   4   1   2  -1   0   3   2   5   4   7   6   3   4   1   2

Q diagonal vector for K_93/13
  8   5   6   9  10   7   8  11  12   9  10  13  14  11  12   9   8  11  10   7   6   9   8   5   4   7   6   3   4   7   8   5   6   9  10   7   8  11  12   9  10   7   6   9   8   5   4   7   6   3   2   5   4   1   2   5   6   3   4   7   8   5   6   9  10   7   8   5   4   7   6   3   2   5   4   1   0   3   2  -1   0   3   4   1   2   5   6   3   4   7   8   5   6

Q diagonal vector for K_93/17
 12   9  10   7   8   5   6   3   4   7   6   9   8  11  10  13  14  11  12   9  10   7   8   5   6   3   2   5   4   7   6   9   8  11  10   7   8   5   6   3   4   1   2   5   4   7   6   9   8  11  12   9  10   7   8   5   6   3   4   1   0   3   2   5   4   7   6   9   8   5   6   3   4   1   2  -1   0   3   2   5   4   7   6   9  10   7   8   5   6   3   4   1   2

Q diagonal vector for K_93/19
  7   4   3   6   5   2   1   4   3   0  -1   2   1  -2  -3   0  -1  -4  -3  -6  -5  -2  -1  -4  -3   0   1  -2  -1   2   3   0   1   4   5   2   3   6   5   2   1   4   3   0  -1   2   1  -2  -3   0  -1  -4  -5  -2  -3  -6  -5  -8  -7  -4  -3  -6  -5  -2  -1  -4  -3   0   1  -2  -1   2   3   0   1   4   3   0  -1   2   1  -2  -3   0  -1  -4  -5  -2  -3  -6  -7  -4  -5

Q diagonal vector for K_93/22
  2   3   0   1   4   5   2   1   4   3   0   1  -2  -1   2   3   0  -1   2   1  -2  -1  -4  -3   0   1  -2  -1   2   1  -2  -3   0  -1   2   3   0   1   4   3   0  -1   2   1   4   5   2   3   6   7   4   3   6   5   2   3   0   1   4   5   2   1   4   3   0   1  -2  -1   2   3   0   1   4   3   0  -1   2   1   4   5   2   3   6   5   2   1   4   3   6   7   4   5   8

Q diagonal vector for K_93/23
 26  23  24  21  22  19  20  17  18  15  16  13  14  11  12   9  10   7   8   5   6   3   4   1   2   5   4   7   6   9   8  11  10  13  12  15  14  17  16  19  18  21  20  23  22  25  24  21  22  19  20  17  18  15  16  13  14  11  12   9  10   7   8   5   6   3   4   1   2  -1   0   3   2   5   4   7   6   9   8  11  10  13  12  15  14  17  16  19  18  21  20  23  22

Q diagonal vector for K_93/25
  5   2   3   0   1   4   3   6   7   4   3   6   5   8   7   4   5   2   3   6   5   8   9   6   7   4   5   8   7   4   5   2   1   4   3   6   7   4   5   2   3   6   5   2   3   0  -1   2   1   4   3   0   1  -2  -1   2   1   4   5   2   1   4   3   6   5   2   3   0   1   4   3   6   7   4   5   2   3   6   5   2   3   0  -1   2   1   4   5   2   3   0   1   4   3

Q diagonal vector for K_93/29
  8   5   6   3   4   1   2   5   4   7   6   9  10   7   8   5   6   3   4   7   6   9   8  11  12   9  10   7   8   5   6   9   8  11  10   7   8   5   6   3   2   5   4   7   6   9   8   5   6   3   4   1   0   3   2   5   4   7   6   3   4   1   2  -1   0   3   2   5   4   7   8   5   6   3   4   1   2   5   4   7   6   9  10   7   8   5   6   3   4   7   6   9   8

Q diagonal vector for K_93/38
  2   3   0   1  -2  -1   2   1   4   5   2   3   0   1   4   3   6   7   4   5   2   1   4   3   6   5   2   3   0  -1   2   1   4   3   0   1  -2  -1  -4  -3   0  -1   2   3   0   1  -2  -1   2   1   4   5   2   3   0   1   4   3   6   5   2   3   0  -1   2   1   4   3   0   1  -2  -3   0  -1   2   1   4   5   2   3   0   1   4   3   6   7   4   5   2   3   6   5   8

Q diagonal vector for K_93/40
  3   2   5   4   7   6   9   8  11  10  13  12  15  16  13  14  11  12   9  10   7   8   5   6   3   4   1   0   3   2   5   4   7   6   9   8  11  10  13  14  11  12   9  10   7   8   5   6   3   4   1   2  -1   0   3   2   5   4   7   6   9   8  11  10  13  12  15  14  11  12   9  10   7   8   5   6   3   4   1   2   5   4   7   6   9   8  11  10  13  12  15  14  17

Q diagonal vector for K_93/41
  3   0  -1   2   1   4   5   2   1   4   3   0   1  -2  -1   2   1  -2  -1  -4  -3   0   1  -2  -3   0  -1   2   3   0  -1   2   1  -2  -1  -4  -3   0  -1  -4  -3  -6  -5  -2  -1  -4  -5  -2  -3   0   1  -2  -1   2   1  -2  -1  -4  -3   0  -1  -4  -5  -2  -3   0   1  -2  -3   0  -1   2   3   0   1   4   3   0   1  -2  -1   2   1  -2  -3   0  -1   2   3   0  -1   2   1

Q diagonal vector for K_93/43
 14  11  12   9  10   7   8   5   4   7   6   9   8  11  12   9  10   7   8   5   6   3   2   5   4   7   6   9  10   7   8   5   6   3   4   1   0   3   2   5   4   7   8   5   6   3   4   1   2  -1   0   3   2   5   4   7   6   9   8   5   6   3   4   1   2   5   4   7   6   9   8  11  10   7   8   5   6   3   4   7   6   9   8  11  10  13  12   9  10   7   8   5   6

Q diagonal vector for K_93/46
 45  46  43  44  41  42  39  40  37  38  35  36  33  34  31  32  29  30  27  28  25  26  23  24  21  22  19  20  17  18  15  16  13  14  11  12   9  10   7   8   5   6   3   4   1   2  -1   0   3   2   5   4   7   6   9   8  11  10  13  12  15  14  17  16  19  18  21  20  23  22  25  24  27  26  29  28  31  30  33  32  35  34  37  36  39  38  41  40  43  42  45  44  47

Q diagonal vector for K_93/49
 14  11  12   9  10  13  12  15  14  17  16  13  14  11  12  15  14  17  16  19  18  15  16  13  14  17  16  19  18  21  20  17  18  15  16  19  18  21  20  23  22  19  20  17  18  21  20  23  24  21  22  19  20  17  16  19  18  21  22  19  20  17  18  15  14  17  16  19  20  17  18  15  16  13  12  15  14  17  18  15  16  13  14  11  10  13  12  15  16  13  14  11  12

Q diagonal vector for K_93/56
 19  18  21  20  23  22  25  24  27  26  29  28  31  30  33  32  35  34  37  36  33  34  31  32  29  30  27  28  25  26  23  24  21  22  19  20  17  18  21  20  23  22  25  24  27  26  29  28  31  30  33  32  35  34  37  38  35  36  33  34  31  32  29  30  27  28  25  26  23  24  21  22  19  20  17  16  19  18  21  20  23  22  25  24  27  26  29  28  31  30  33  32  35

Q diagonal vector for K_93/58
 -6  -5  -8  -7 -10  -9 -12 -11 -14 -13 -16 -17 -14 -15 -12 -13 -10 -11  -8  -9  -6  -7  -4  -5  -8  -7 -10  -9 -12 -11 -14 -13 -16 -15 -18 -17 -14 -15 -12 -13 -10 -11  -8  -9  -6  -7  -4  -3  -6  -5  -8  -7 -10  -9 -12 -11 -14 -13 -16 -15 -12 -13 -10 -11  -8  -9  -6  -7  -4  -5  -8  -7 -10  -9 -12 -11 -14 -13 -16 -15 -18 -19 -16 -17 -14 -15 -12 -13 -10 -11  -8  -9  -6

Q diagonal vector for K_93/59
 -1  -4  -3   0   1  -2  -1   2   1   4   3   0  -1   2   1  -2  -3   0   1  -2  -1   2   3   0   1   4   3   6   5   2   1   4   3   0   1   4   5   2   3   6   7   4   5   2   1   4   3   0  -1   2   1  -2  -1   2   3   0   1   4   5   2   3   0  -1   2   1  -2  -3   0   1  -2  -1   2   3   0   1   4   3   6   5   2   1   4   3   0  -1   2   3   0   1   4   5   2   3

Q diagonal vector for K_93/61
-16 -19 -20 -17 -18 -15 -14 -17 -18 -15 -16 -13 -12 -15 -16 -13 -14 -11 -10 -13 -14 -11 -12  -9  -8 -11 -12  -9 -10  -7  -6  -9  -8  -5  -6  -9  -8 -11 -10  -7  -8 -11 -10 -13 -12  -9 -10 -13 -12 -15 -14 -11 -12 -15 -14 -17 -16 -13 -14 -17 -16 -19 -18 -15 -14 -17 -18 -15 -16 -13 -12 -15 -16 -13 -14 -11 -10 -13 -14 -11 -12  -9  -8 -11 -12  -9 -10  -7  -6  -9 -10  -7  -8

Q diagonal vector for K_93/65
 -1  -4  -3  -6  -5  -8  -7 -10  -9 -12 -11  -8  -9  -6  -7  -4  -5  -2  -3  -6  -5  -8  -7 -10  -9 -12 -11 -14 -13 -10 -11  -8  -9  -6  -7  -4  -5  -2  -1  -4  -3  -6  -5  -8  -7 -10 -11  -8  -9  -6  -7  -4  -5  -2  -3   0   1  -2  -1  -4  -3  -6  -5  -8  -7 -10  -9  -6  -7  -4  -5  -2  -3   0  -1  -4  -3  -6  -5  -8  -7 -10  -9 -12 -11  -8  -9  -6  -7  -4  -5  -2  -3

Q diagonal vector for K_93/67
  5   2   3   0  -1   2   1   4   3   0   1  -2  -3   0   1  -2  -1  -4  -3   0  -1   2   3   0   1  -2  -1   2   1   4   3   0   1  -2  -3   0  -1   2   1  -2  -1   2   1   4   5   2   3   0   1   4   3   6   7   4   5   2   1   4   3   6   5   2   3   0  -1   2   3   0   1  -2  -1   2   1   4   5   2   3   0   1   4   3   6   5   2   3   0  -1   2   1   4   3   0   1

Q diagonal vector for K_93/73
 -6  -9  -8 -11 -10 -13 -14 -11 -12  -9 -10  -7  -8  -5  -4  -7  -6  -9  -8 -11 -10  -7  -8  -5  -6  -3  -4  -7  -6  -9  -8 -11 -10 -13 -12  -9 -10  -7  -8  -5  -4  -7  -6  -9  -8 -11 -12  -9 -10  -7  -8  -5  -6  -3  -2  -5  -4  -7  -6  -9  -8  -5  -6  -3  -4  -1  -2  -5  -4  -7  -6  -9  -8 -11 -10  -7  -8  -5  -6  -3  -2  -5  -4  -7  -6  -9 -10  -7  -8  -5  -6  -3  -4

Q diagonal vector for K_93/77
  1  -2  -1  -4  -5  -2  -1  -4  -3  -6  -7  -4  -3  -6  -5  -8  -7  -4  -5  -2  -3  -6  -5  -2  -3   0  -1  -4  -3   0  -1   2   3   0   1  -2  -3   0   1  -2  -1  -4  -5  -2  -1  -4  -3  -6  -5  -2  -3   0  -1  -4  -3   0  -1   2   1  -2  -1   2   1   4   5   2   3   0  -1   2   3   0   1  -2  -3   0   1  -2  -1  -4  -3   0  -1   2   1  -2  -1   2   1   4   3   0   1

Q diagonal vector for K_93/79
 -6  -9  -8 -11 -12  -9 -10  -7  -8  -5  -4  -7  -6  -9  -8  -5  -6  -3  -4  -7  -6  -9  -8 -11 -10  -7  -8  -5  -4  -7  -6  -9 -10  -7  -8  -5  -6  -3  -2  -5  -4  -7  -6  -3  -4  -1  -2  -5  -4  -7  -6  -9  -8  -5  -6  -3  -2  -5  -4  -7  -8  -5  -6  -3  -4  -1   0  -3  -2  -5  -4  -1  -2   1   0  -3  -2  -5  -4  -7  -6  -3  -4  -1   0  -3  -2  -5  -6  -3  -4  -1  -2

Q diagonal vector for K_93/83
 -1  -4  -3  -6  -5  -2  -3  -6  -5  -8  -7  -4  -5  -2  -1  -4  -5  -2  -3   0   1  -2  -1  -4  -3   0  -1  -4  -3  -6  -5  -2  -3   0   1  -2  -3   0  -1   2   3   0   1  -2  -1   2   1  -2  -1  -4  -3   0  -1   2   3   0  -1   2   1   4   5   2   3   0   1   4   3   0   1  -2  -1   2   1   4   5   2   1   4   3   6   7   4   5   2   3   6   5   2   3   0   1   4   3

Q diagonal vector for K_93/86
-14 -13 -16 -15 -12 -11 -14 -13 -10 -11 -14 -15 -12 -13 -16 -15 -18 -17 -14 -13 -16 -15 -12 -13 -16 -17 -14 -15 -18 -17 -20 -19 -16 -15 -18 -17 -14 -15 -18 -19 -16 -17 -20 -19 -22 -21 -18 -17 -20 -19 -16 -17 -20 -21 -18 -19 -22 -21 -24 -23 -20 -19 -22 -21 -18 -19 -22 -23 -20 -21 -24 -23 -26 -25 -22 -21 -24 -23 -20 -21 -24 -25 -22 -23 -26 -25 -28 -27 -24 -23 -26 -25 -22

Q diagonal vector for K_93/88
-13 -14 -11 -12 -15 -14 -11 -10 -13 -12 -15 -16 -13 -14 -17 -16 -13 -12 -15 -14 -17 -18 -15 -16 -19 -18 -15 -14 -17 -16 -19 -20 -17 -18 -21 -20 -17 -16 -19 -18 -21 -22 -19 -20 -23 -22 -19 -18 -21 -20 -23 -24 -21 -22 -25 -24 -21 -20 -23 -22 -25 -26 -23 -24 -27 -26 -23 -22 -25 -24 -27 -28 -25 -26 -29 -28 -25 -24 -27 -26 -29 -30 -27 -28 -31 -30 -27 -26 -29 -28 -31 -32 -29

Q diagonal vector for K_93/89
-14 -17 -16 -19 -18 -15 -16 -13 -12 -15 -14 -17 -16 -13 -14 -11 -10 -13 -12 -15 -14 -11 -12  -9  -8 -11 -10 -13 -12  -9 -10  -7  -6  -9  -8 -11 -10  -7  -8  -5  -4  -7  -6  -9  -8  -5  -6  -3  -2  -5  -4  -7  -6  -3  -4  -1   0  -3  -2  -5  -4  -1  -2   1   2  -1   0  -3  -2   1   0   3   4   1   2  -1   0   3   2   5   6   3   4   1   2   5   4   7   8   5   6   3   4

Q diagonal vector for K_95/1
 94  91  92  89  90  87  88  85  86  83  84  81  82  79  80  77  78  75  76  73  74  71  72  69  70  67  68  65  66  63  64  61  62  59  60  57  58  55  56  53  54  51  52  49  50  47  48  45  46  43  44  41  42  39  40  37  38  35  36  33  34  31  32  29  30  27  28  25  26  23  24  21  22  19  20  17  18  15  16  13  14  11  12   9  10   7   8   5   6   3   4   1   2  -1   0

Q diagonal vector for K_95/18
 -6  -7  -4  -5  -8  -7  -4  -3  -6  -5  -8  -9  -6  -7 -10  -9  -6  -5  -8  -7 -10 -11  -8  -7 -10  -9  -6  -7  -4  -5  -8  -9  -6  -5  -8  -7  -4  -5  -2  -3  -6  -5  -2  -1  -4  -3  -6  -7  -4  -5  -8  -7  -4  -3  -6  -5  -8  -9  -6  -5  -8  -7  -4  -5  -2  -3  -6  -7  -4  -3  -6  -5  -2  -3   0  -1  -4  -3   0   1  -2  -1  -4  -5  -2  -3  -6  -5  -2  -1  -4  -3  -6  -7  -4

Q diagonal vector for K_95/22
  1   0   3   2   5   4   7   8   5   6   3   4   1   2  -1  -2   1   0   3   2   5   6   3   4   1   2  -1   0  -3  -2   1   0   3   2   5   4   7   6   3   4   1   2  -1   0   3   2   5   4   7   6   9  10   7   8   5   6   3   4   1   0   3   2   5   4   7   8   5   6   3   4   1   2  -1   0   3   2   5   4   7   6   9   8   5   6   3   4   1   2   5   4   7   6   9   8  11

Q diagonal vector for K_95/26
 -2  -3   0  -1   2   1   4   3   6   5   2   3   0   1  -2  -1  -4  -3   0  -1   2   1   4   3   6   7   4   5   2   3   0   1  -2  -1  -4  -5  -2  -3   0  -1   2   1   4   5   2   3   0   1  -2  -1  -4  -3   0  -1   2   1   4   3   6   5   8   7   4   5   2   3   0   1  -2  -1   2   1   4   3   6   5   8   9   6   7   4   5   2   3   0   1  -2  -3   0  -1   2   1   4   3   6

Q diagonal vector for K_95/28
 -3  -4  -1  -2   1   2  -1   0  -3  -2  -5  -4  -1  -2   1   0   3   2  -1   0  -3  -2  -5  -6  -3  -4  -1   0  -3  -2  -5  -4  -7  -6  -3  -4  -1  -2   1   2  -1   0  -3  -2  -5  -6  -3  -4  -1  -2   1   0  -3  -2  -5  -4  -1  -2   1   0   3   4   1   2  -1   0  -3  -2   1   0   3   2   5   4   1   2  -1   0  -3  -4  -1  -2   1   2  -1   0  -3  -2  -5  -4  -1  -2   1   0   3

Q diagonal vector for K_95/29
  2  -1  -2   1   0   3   4   1   2   5   4   1   2  -1   0   3   4   1   0   3   2   5   6   3   4   7   6   3   4   1   2   5   6   3   2   5   4   1   2  -1   0   3   2  -1  -2   1   0   3   4   1   0   3   2  -1   0  -3  -2   1   0  -3  -4  -1  -2   1   2  -1   0   3   2  -1   0  -3  -2   1   2  -1  -2   1   0   3   4   1   2   5   4   1   2  -1   0   3   4   1   0   3   2

Q diagonal vector for K_95/32
  1   0   3   2   5   4   7   6   9   8  11  10  13  12  15  14  17  16  19  18  21  20  23  22  25  24  27  26  29  28  31  32  29  30  27  28  25  26  23  24  21  22  19  20  17  18  15  16  13  14  11  12   9  10   7   8   5   6   3   4   1   2  -1   0   3   2   5   4   7   6   9   8  11  10  13  12  15  14  17  16  19  18  21  20  23  22  25  24  27  26  29  28  31  30  33

Q diagonal vector for K_95/39
  8   5   6   9  10   7   8   5   4   7   6   3   4   7   8   5   6   3   2   5   4   1   0   3   4   1   2   5   4   7   6   3   2   5   6   3   4   7   8   5   6   3   2   5   4   1   2   5   6   3   4   1   0   3   2  -1   0   3   4   1   2   5   4   7   6   3   2   5   6   3   4   7   6   9   8   5   4   7   6   3   4   7   8   5   6   3   2   5   4   1   2   5   6   3   4

Q diagonal vector for K_95/41
  7   4   3   6   5   2   1   4   3   0  -1   2   1  -2  -1  -4  -3   0   1  -2  -1   2   3   0   1   4   5   2   1   4   3   0  -1   2   1  -2  -3   0  -1  -4  -3  -6  -5  -2  -1  -4  -3   0   1  -2  -1   2   3   0   1   4   3   0  -1   2   1  -2  -3   0  -1  -4  -5  -2  -3   0   1  -2  -1   2   3   0   1   4   5   2   3   6   5   2   1   4   3   0  -1   2   1  -2  -3   0  -1

Q diagonal vector for K_95/42
  7   6   9   8   5   4   7   6   3   2   5   6   3   4   7   8   5   6   9  10   7   8   5   4   7   6   3   2   5   4   1   0   3   4   1   2   5   6   3   4   7   8   5   6   3   2   5   4   1   0   3   2  -1   0   3   4   1   2   5   6   3   4   7   6   9   8   5   4   7   6   3   2   5   4   1   2   5   6   3   4   7   8   5   6   9   8  11  10   7   6   9   8   5   4   7

Q diagonal vector for K_95/46
 15  14  17  18  15  16  13  12  15  16  13  14  11  10  13  14  11  12   9   8  11  12   9  10   7   6   9  10   7   8   5   4   7   8   5   6   3   2   5   6   3   4   1   0   3   4   1   2  -1   0   3   2   5   4   1   2   5   4   7   6   3   4   7   6   9   8   5   6   9   8  11  10   7   8  11  10  13  12   9  10  13  12  15  14  11  12  15  14  17  16  13  14  17  16  19

Q diagonal vector for K_95/47
 48  45  46  43  44  41  42  39  40  37  38  35  36  33  34  31  32  29  30  27  28  25  26  23  24  21  22  19  20  17  18  15  16  13  14  11  12   9  10   7   8   5   6   3   4   1   2  -1   0   3   2   5   4   7   6   9   8  11  10  13  12  15  14  17  16  19  18  21  20  23  22  25  24  27  26  29  28  31  30  33  32  35  34  37  36  39  38  41  40  43  42  45  44  47  46

Q diagonal vector for K_95/51
  6   3   4   7   8   5   6   9   8  11  10   7   6   9   8   5   6   9  10   7   8  11  10  13  12   9   8  11  10   7   8  11  12   9  10  13  12  15  14  11  10  13  12   9  10  13  14  11  12  15  16  13  14  11  10  13  12   9   8  11  12   9  10  13  14  11  12   9   8  11  10   7   6   9  10   7   8  11  12   9  10   7   6   9   8   5   4   7   8   5   6   9  10   7   8

Q diagonal vector for K_95/52
  1   2  -1   0   3   4   1   2   5   4   1   0   3   2  -1  -2   1   0   3   4   1   2   5   6   3   4   7   6   3   2   5   4   1   0   3   2   5   6   3   4   7   8   5   6   9   8   5   4   7   6   3   4   1   2   5   6   3   4   7   8   5   4   7   6   3   2   5   4   1   2  -1   0   3   4   1   2   5   6   3   2   5   4   1   0   3   2  -1   0  -3  -2   1   2  -1   0   3

Q diagonal vector for K_95/58
  2   3   0   1  -2  -3   0  -1   2   1   4   5   2   3   0  -1   2   1   4   3   6   5   2   3   0   1  -2  -1   2   1   4   3   0   1  -2  -1  -4  -3   0  -1   2   1   4   5   2   3   0  -1   2   1   4   3   6   7   4   5   2   3   0   1   4   3   6   5   2   3   0   1  -2  -1   2   1   4   3   0   1  -2  -1  -4  -5  -2  -3   0  -1   2   3   0   1  -2  -3   0  -1   2   1   4

Q diagonal vector for K_95/59
  2  -1   0  -3  -4  -1   0  -3  -2  -5  -6  -3  -4  -1  -2  -5  -4  -1  -2   1   0  -3  -2   1   0   3   4   1   2  -1  -2   1   2  -1   0  -3  -2   1   0   3   2  -1   0   3   2   5   4   1   2  -1  -2   1   2  -1   0  -3  -4  -1   0  -3  -2  -5  -4  -1  -2   1   0  -3  -2   1   0   3   4   1   2  -1  -2   1   2  -1   0  -3  -4  -1  -2   1   0  -3  -2   1   0   3   2  -1   0

Q diagonal vector for K_95/61
 -8 -11 -10 -13 -12 -15 -16 -13 -14 -11 -12  -9 -10  -7  -6  -9  -8 -11 -10 -13 -14 -11 -12  -9 -10  -7  -8  -5  -4  -7  -6  -9  -8 -11 -10  -7  -8  -5  -6  -3  -4  -7  -6  -9  -8 -11 -10 -13 -12  -9 -10  -7  -8  -5  -6  -9  -8 -11 -10 -13 -12 -15 -14 -11 -12  -9 -10  -7  -6  -9  -8 -11 -10 -13 -14 -11 -12  -9 -10  -7  -8  -5  -4  -7  -6  -9  -8 -11 -12  -9 -10  -7  -8  -5  -6

Q diagonal vector for K_95/62
  5   4   7   6   9   8   5   6   3   2   5   4   7   6   3   4   1   0   3   2   5   4   1   2  -1  -2   1   0   3   2  -1   0  -3  -2   1   0   3   4   1   2  -1   0   3   2   5   6   3   4   1   2   5   4   7   8   5   6   3   4   7   6   9  10   7   8   5   6   3   2   5   4   7   6   3   4   1   0   3   2   5   4   1   2  -1  -2   1   0   3   2  -1   0  -3  -4  -1  -2   1

Q diagonal vector for K_95/64
-16 -15 -18 -17 -14 -13 -16 -15 -12 -11 -14 -13 -10  -9 -12 -11  -8  -7 -10  -9  -6  -5  -8  -7  -4  -3  -6  -5  -2  -1  -4  -3   0  -1  -4  -5  -2  -3  -6  -7  -4  -5  -8  -9  -6  -7 -10 -11  -8  -9 -12 -13 -10 -11 -14 -15 -12 -13 -16 -17 -14 -15 -18 -17 -20 -19 -16 -15 -18 -17 -14 -13 -16 -15 -12 -11 -14 -13 -10  -9 -12 -11  -8  -7 -10  -9  -6  -5  -8  -7  -4  -3  -6  -5  -2

Q diagonal vector for K_95/68
 10   9  12  11  14  13  16  15  18  17  20  19  22  23  20  21  18  19  16  17  14  15  12  13  10  11   8   9  12  11  14  13  16  15  18  17  20  19  22  21  24  23  20  21  18  19  16  17  14  15  12  13  10  11   8   7  10   9  12  11  14  13  16  15  18  17  20  21  18  19  16  17  14  15  12  13  10  11   8   9   6   7  10   9  12  11  14  13  16  15  18  17  20  19  22

Q diagonal vector for K_95/71
-19 -22 -21 -24 -23 -26 -25 -28 -27 -30 -29 -32 -31 -34 -33 -36 -35 -38 -37 -40 -39 -42 -41 -44 -43 -40 -41 -38 -39 -36 -37 -34 -35 -32 -33 -30 -31 -28 -29 -26 -27 -24 -25 -22 -23 -20 -21 -18 -17 -20 -19 -22 -21 -24 -23 -26 -25 -28 -27 -30 -29 -32 -31 -34 -33 -36 -35 -38 -37 -40 -39 -42 -41 -38 -39 -36 -37 -34 -35 -32 -33 -30 -31 -28 -29 -26 -27 -24 -25 -22 -23 -20 -21 -18 -19

Q diagonal vector for K_95/72
  7   6   9   8   5   6   9   8  11  10   7   8  11  10  13  12   9  10  13  12  15  14  11  12  15  16  13  14  11  10  13  14  11  12   9   8  11  12   9  10   7   6   9  10   7   8   5   4   7   6   3   4   7   6   9   8   5   6   9   8  11  10   7   8  11  10  13  12   9  10  13  14  11  12   9   8  11  12   9  10   7   6   9  10   7   8   5   4   7   8   5   6   3   2   5

Q diagonal vector for K_95/74
  9   8  11  10  13  12  15  14  17  16  19  18  15  16  13  14  11  12   9  10   7   8  11  10  13  12  15  14  17  16  19  20  17  18  15  16  13  14  11  12   9  10   7   6   9   8  11  10  13  12  15  14  17  16  13  14  11  12   9  10   7   8   5   6   9   8  11  10  13  12  15  14  17  18  15  16  13  14  11  12   9  10   7   8   5   4   7   6   9   8  11  10  13  12  15

Q diagonal vector for K_95/78
 -3  -2  -5  -6  -3  -4  -1   0  -3  -2  -5  -4  -1  -2  -5  -4  -7  -6  -3  -4  -1   0  -3  -4  -1  -2   1   0  -3  -2  -5  -4  -1  -2  -5  -4  -7  -8  -5  -6  -3  -2  -5  -4  -7  -6  -3  -4  -7  -6  -9  -8  -5  -6  -3  -2  -5  -6  -3  -4  -1  -2  -5  -4  -7  -6  -3  -4  -7  -6  -9 -10  -7  -8  -5  -4  -7  -6  -9  -8  -5  -6  -9  -8 -11 -10  -7  -8  -5  -4  -7  -8  -5  -6  -3

Q diagonal vector for K_95/79
-13 -16 -15 -18 -17 -20 -19 -22 -21 -24 -23 -26 -25 -28 -27 -30 -29 -26 -27 -24 -25 -22 -23 -20 -21 -18 -19 -16 -17 -14 -15 -12 -11 -14 -13 -16 -15 -18 -17 -20 -19 -22 -21 -24 -23 -26 -25 -28 -27 -24 -25 -22 -23 -20 -21 -18 -19 -16 -17 -14 -15 -12 -13 -10  -9 -12 -11 -14 -13 -16 -15 -18 -17 -20 -19 -22 -21 -24 -23 -26 -25 -22 -23 -20 -21 -18 -19 -16 -17 -14 -15 -12 -13 -10 -11

Q diagonal vector for K_95/81
 -8 -11 -12  -9 -10  -7  -6  -9 -10  -7  -8  -5  -4  -7  -6  -3  -4  -7  -6  -9  -8  -5  -6  -9  -8 -11 -10  -7  -6  -9 -10  -7  -8  -5  -4  -7  -8  -5  -6  -3  -2  -5  -4  -1  -2  -5  -4  -7  -6  -3  -4  -7  -6  -9  -8  -5  -4  -7  -8  -5  -6  -3  -2  -5  -6  -3  -4  -1   0  -3  -2   1   0  -3  -2  -5  -4  -1  -2  -5  -4  -7  -6  -3  -2  -5  -6  -3  -4  -1   0  -3  -4  -1  -2

Q diagonal vector for K_95/82
-10  -9 -12 -11 -14 -13 -10 -11  -8  -7 -10  -9 -12 -11  -8  -9  -6  -7 -10  -9 -12 -13 -10 -11  -8  -9 -12 -11 -14 -13 -16 -15 -12 -13 -10  -9 -12 -11 -14 -13 -10 -11  -8  -9 -12 -11 -14 -15 -12 -13 -10 -11 -14 -13 -16 -15 -18 -17 -14 -15 -12 -11 -14 -13 -16 -15 -12 -13 -10 -11 -14 -13 -16 -17 -14 -15 -12 -13 -16 -15 -18 -17 -20 -19 -16 -17 -14 -13 -16 -15 -18 -17 -14 -15 -12

Q diagonal vector for K_95/83
-11 -14 -13 -16 -15 -18 -17 -20 -19 -22 -21 -24 -23 -20 -21 -18 -19 -16 -17 -14 -15 -12 -13 -10  -9 -12 -11 -14 -13 -16 -15 -18 -17 -20 -19 -22 -21 -18 -19 -16 -17 -14 -15 -12 -13 -10 -11  -8  -7 -10  -9 -12 -11 -14 -13 -16 -15 -18 -17 -20 -19 -16 -17 -14 -15 -12 -13 -10 -11  -8  -9  -6  -5  -8  -7 -10  -9 -12 -11 -14 -13 -16 -15 -18 -17 -14 -15 -12 -13 -10 -11  -8  -9  -6  -7

Q diagonal vector for K_95/84
 -4  -3  -6  -7  -4  -5  -2  -3  -6  -5  -8  -7  -4  -5  -2  -1  -4  -3  -6  -5  -2  -3  -6  -5  -8  -9  -6  -7  -4  -5  -8  -7 -10  -9  -6  -7  -4  -3  -6  -5  -8  -7  -4  -5  -8  -7 -10 -11  -8  -9  -6  -7 -10  -9 -12 -11  -8  -9  -6  -5  -8  -7 -10  -9  -6  -7 -10  -9 -12 -13 -10 -11  -8  -9 -12 -11 -14 -13 -10 -11  -8  -7 -10  -9 -12 -11  -8  -9 -12 -11 -14 -15 -12 -13 -10

Q diagonal vector for K_95/86
 -3  -4  -1  -2   1   0  -3  -2  -5  -4  -1  -2   1   2  -1   0  -3  -2  -5  -6  -3  -4  -1  -2  -5  -4  -7  -6  -3  -4  -1   0  -3  -2  -5  -4  -7  -8  -5  -6  -3  -4  -7  -6  -9  -8  -5  -6  -3  -2  -5  -4  -7  -6  -9 -10  -7  -8  -5  -6  -9  -8 -11 -10  -7  -8  -5  -4  -7  -6  -9  -8 -11 -12  -9 -10  -7  -8 -11 -10 -13 -12  -9 -10  -7  -6  -9  -8 -11 -10 -13 -14 -11 -12  -9

Q diagonal vector for K_95/87
-11 -14 -13 -16 -15 -18 -17 -20 -19 -16 -17 -14 -15 -12 -13 -10  -9 -12 -11 -14 -13 -16 -15 -18 -17 -14 -15 -12 -13 -10 -11  -8  -7 -10  -9 -12 -11 -14 -13 -16 -15 -12 -13 -10 -11  -8  -9  -6  -5  -8  -7 -10  -9 -12 -11 -14 -13 -10 -11  -8  -9  -6  -7  -4  -3  -6  -5  -8  -7 -10  -9 -12 -11  -8  -9  -6  -7  -4  -5  -2  -1  -4  -3  -6  -5  -8  -7 -10  -9  -6  -7  -4  -5  -2  -3

Q diagonal vector for K_95/88
-10 -11  -8  -7 -10  -9 -12 -11  -8  -9  -6  -7 -10  -9 -12 -13 -10  -9 -12 -11 -14 -13 -10 -11  -8  -9 -12 -11 -14 -15 -12 -11 -14 -13 -16 -15 -12 -13 -10 -11 -14 -13 -16 -17 -14 -13 -16 -15 -18 -17 -14 -15 -12 -13 -16 -15 -18 -19 -16 -15 -18 -17 -20 -19 -16 -17 -14 -15 -18 -17 -20 -21 -18 -17 -20 -19 -22 -21 -18 -19 -16 -17 -20 -19 -22 -23 -20 -19 -22 -21 -24 -23 -20 -21 -18

Q diagonal vector for K_95/89
-13 -16 -15 -18 -17 -20 -19 -16 -17 -14 -15 -12 -11 -14 -13 -16 -15 -18 -17 -14 -15 -12 -13 -10  -9 -12 -11 -14 -13 -16 -15 -12 -13 -10 -11  -8  -7 -10  -9 -12 -11 -14 -13 -10 -11  -8  -9  -6  -5  -8  -7 -10  -9 -12 -11  -8  -9  -6  -7  -4  -3  -6  -5  -8  -7 -10  -9  -6  -7  -4  -5  -2  -1  -4  -3  -6  -5  -8  -7  -4  -5  -2  -3   0   1  -2  -1  -4  -3  -6  -5  -2  -3   0  -1

Q diagonal vector for K_95/91
-19 -22 -21 -24 -23 -20 -21 -18 -17 -20 -19 -22 -21 -18 -19 -16 -15 -18 -17 -20 -19 -16 -17 -14 -13 -16 -15 -18 -17 -14 -15 -12 -11 -14 -13 -16 -15 -12 -13 -10  -9 -12 -11 -14 -13 -10 -11  -8  -7 -10  -9 -12 -11  -8  -9  -6  -5  -8  -7 -10  -9  -6  -7  -4  -3  -6  -5  -8  -7  -4  -5  -2  -1  -4  -3  -6  -5  -2  -3   0   1  -2  -1  -4  -3   0  -1   2   3   0   1  -2  -1   2   1

Q diagonal vector for K_95/92
-30 -29 -32 -31 -28 -29 -32 -31 -34 -33 -30 -31 -34 -33 -36 -35 -32 -33 -36 -35 -38 -37 -34 -35 -38 -37 -40 -39 -36 -37 -40 -39 -42 -41 -38 -39 -42 -41 -44 -43 -40 -41 -44 -43 -46 -45 -42 -43 -46 -45 -48 -47 -44 -45 -48 -47 -50 -49 -46 -47 -50 -49 -52 -51 -48 -49 -52 -51 -54 -53 -50 -51 -54 -53 -56 -55 -52 -53 -56 -55 -58 -57 -54 -55 -58 -57 -60 -59 -56 -57 -60 -59 -62 -61 -58

Q diagonal vector for K_95/93
-42 -45 -44 -41 -40 -43 -42 -39 -38 -41 -40 -37 -36 -39 -38 -35 -34 -37 -36 -33 -32 -35 -34 -31 -30 -33 -32 -29 -28 -31 -30 -27 -26 -29 -28 -25 -24 -27 -26 -23 -22 -25 -24 -21 -20 -23 -22 -19 -18 -21 -20 -17 -16 -19 -18 -15 -14 -17 -16 -13 -12 -15 -14 -11 -10 -13 -12  -9  -8 -11 -10  -7  -6  -9  -8  -5  -4  -7  -6  -3  -2  -5  -4  -1   0  -3  -2   1   2  -1   0   3   4   1   2

Q diagonal vector for K_97/1
 96  93  94  91  92  89  90  87  88  85  86  83  84  81  82  79  80  77  78  75  76  73  74  71  72  69  70  67  68  65  66  63  64  61  62  59  60  57  58  55  56  53  54  51  52  49  50  47  48  45  46  43  44  41  42  39  40  37  38  35  36  33  34  31  32  29  30  27  28  25  26  23  24  21  22  19  20  17  18  15  16  13  14  11  12   9  10   7   8   5   6   3   4   1   2  -1   0

Q diagonal vector for K_97/2
-45 -44 -47 -46 -43 -42 -45 -44 -41 -40 -43 -42 -39 -38 -41 -40 -37 -36 -39 -38 -35 -34 -37 -36 -33 -32 -35 -34 -31 -30 -33 -32 -29 -28 -31 -30 -27 -26 -29 -28 -25 -24 -27 -26 -23 -22 -25 -24 -21 -20 -23 -22 -19 -18 -21 -20 -17 -16 -19 -18 -15 -14 -17 -16 -13 -12 -15 -14 -11 -10 -13 -12  -9  -8 -11 -10  -7  -6  -9  -8  -5  -4  -7  -6  -3  -2  -5  -4  -1   0  -3  -2   1   2  -1   0   3

Q diagonal vector for K_97/3
 34  31  32  29  30  33  32  29  30  27  28  31  30  27  28  25  26  29  28  25  26  23  24  27  26  23  24  21  22  25  24  21  22  19  20  23  22  19  20  17  18  21  20  17  18  15  16  19  18  15  16  13  14  17  16  13  14  11  12  15  14  11  12   9  10  13  12   9  10   7   8  11  10   7   8   5   6   9   8   5   6   3   4   7   6   3   4   1   2   5   4   1   2  -1   0   3   2

Q diagonal vector for K_97/4
-19 -18 -21 -20 -23 -22 -19 -20 -17 -16 -19 -18 -21 -20 -17 -18 -15 -14 -17 -16 -19 -18 -15 -16 -13 -12 -15 -14 -17 -16 -13 -14 -11 -10 -13 -12 -15 -14 -11 -12  -9  -8 -11 -10 -13 -12  -9 -10  -7  -6  -9  -8 -11 -10  -7  -8  -5  -4  -7  -6  -9  -8  -5  -6  -3  -2  -5  -4  -7  -6  -3  -4  -1   0  -3  -2  -5  -4  -1  -2   1   2  -1   0  -3  -2   1   0   3   4   1   2  -1   0   3   2   5

Q diagonal vector for K_97/5
 20  17  18  21  22  19  20  17  16  19  18  15  16  19  20  17  18  15  14  17  16  13  14  17  18  15  16  13  12  15  14  11  12  15  16  13  14  11  10  13  12   9  10  13  14  11  12   9   8  11  10   7   8  11  12   9  10   7   6   9   8   5   6   9  10   7   8   5   4   7   6   3   4   7   8   5   6   3   2   5   4   1   2   5   6   3   4   1   0   3   2  -1   0   3   4   1   2

Q diagonal vector for K_97/6
 -9  -8 -11 -10 -13 -12 -15 -14 -11 -12  -9 -10  -7  -6  -9  -8 -11 -10 -13 -12  -9 -10  -7  -8  -5  -4  -7  -6  -9  -8 -11 -10  -7  -8  -5  -6  -3  -2  -5  -4  -7  -6  -9  -8  -5  -6  -3  -4  -1   0  -3  -2  -5  -4  -7  -6  -3  -4  -1  -2   1   2  -1   0  -3  -2  -5  -4  -1  -2   1   0   3   4   1   2  -1   0  -3  -2   1   0   3   2   5   6   3   4   1   2  -1   0   3   2   5   4   7

Q diagonal vector for K_97/8
 -3  -2  -5  -4  -7  -6  -9  -8 -11 -10  -7  -8  -5  -6  -3  -4  -1   0  -3  -2  -5  -4  -7  -6  -9  -8  -5  -6  -3  -4  -1  -2   1   2  -1   0  -3  -2  -5  -4  -7  -6  -3  -4  -1  -2   1   0   3   4   1   2  -1   0  -3  -2  -5  -4  -1  -2   1   0   3   2   5   6   3   4   1   2  -1   0  -3  -2   1   0   3   2   5   4   7   8   5   6   3   4   1   2  -1   0   3   2   5   4   7   6   9

Q diagonal vector for K_97/11
 11   8   7  10   9   6   5   8   7   4   5   2   3   6   7   4   5   8   9   6   7  10   9   6   5   8   7   4   3   6   5   2   3   0   1   4   5   2   3   6   7   4   5   8   7   4   3   6   5   2   1   4   3   0   1  -2  -1   2   3   0   1   4   5   2   3   6   5   2   1   4   3   0  -1   2   1  -2  -1  -4  -3   0   1  -2  -1   2   3   0   1   4   3   0  -1   2   1  -2  -3   0  -1

Q diagonal vector for K_97/12
  5   6   3   4   1   2  -1   0  -3  -2  -5  -4  -7  -6  -3  -4  -1  -2   1   0   3   2   5   4   7   8   5   6   3   4   1   2  -1   0  -3  -2  -5  -4  -1  -2   1   0   3   2   5   4   7   6   9  10   7   8   5   6   3   4   1   2  -1   0  -3  -2   1   0   3   2   5   4   7   6   9   8  11  12   9  10   7   8   5   6   3   4   1   2  -1   0   3   2   5   4   7   6   9   8  11  10  13

Q diagonal vector for K_97/13
 12   9  10   7   8   5   6   9   8  11  10  13  14  11  12   9  10   7   8   5   4   7   6   9   8  11  10   7   8   5   6   3   4   7   6   9   8  11  12   9  10   7   8   5   6   3   2   5   4   7   6   9   8   5   6   3   4   1   2   5   4   7   6   9  10   7   8   5   6   3   4   1   0   3   2   5   4   7   6   3   4   1   2  -1   0   3   2   5   4   7   8   5   6   3   4   1   2

Q diagonal vector for K_97/14
 -3  -4  -1  -2   1   0   3   2   5   4   7   6   9  10   7   8   5   6   3   4   1   2  -1   0  -3  -2  -5  -4  -1  -2   1   0   3   2   5   4   7   6   9   8  11  12   9  10   7   8   5   6   3   4   1   2  -1   0  -3  -2   1   0   3   2   5   4   7   6   9   8  11  10  13  14  11  12   9  10   7   8   5   6   3   4   1   2  -1   0   3   2   5   4   7   6   9   8  11  10  13  12  15

Q diagonal vector for K_97/15
 14  11  12   9  10   7   8   5   4   7   6   9   8  11  12   9  10   7   8   5   6   3   4   7   6   9   8  11  10  13  12   9  10   7   8   5   6   3   2   5   4   7   6   9  10   7   8   5   6   3   4   1   2   5   4   7   6   9   8  11  10   7   8   5   6   3   4   1   0   3   2   5   4   7   8   5   6   3   4   1   2  -1   0   3   2   5   4   7   6   9   8   5   6   3   4   1   2

Q diagonal vector for K_97/16
 11  12   9  10   7   8   5   6   3   4   1   2  -1   0  -3  -2  -5  -4  -1  -2   1   0   3   2   5   4   7   6   9   8  11  10  13  14  11  12   9  10   7   8   5   6   3   4   1   2  -1   0  -3  -2   1   0   3   2   5   4   7   6   9   8  11  10  13  12  15  16  13  14  11  12   9  10   7   8   5   6   3   4   1   2  -1   0   3   2   5   4   7   6   9   8  11  10  13  12  15  14  17

Q diagonal vector for K_97/18
 -5  -6  -3  -2  -5  -4  -7  -6  -3  -4  -1  -2  -5  -4  -7  -8  -5  -4  -7  -6  -9  -8  -5  -6  -3  -2  -5  -4  -7  -8  -5  -6  -3  -4  -7  -6  -3  -4  -1   0  -3  -2  -5  -4  -1  -2   1   0  -3  -2  -5  -6  -3  -2  -5  -4  -7  -6  -3  -4  -1   0  -3  -2  -5  -6  -3  -4  -1  -2  -5  -4  -1  -2   1   2  -1   0  -3  -2   1   0   3   2  -1   0  -3  -4  -1   0  -3  -2  -5  -4  -1  -2   1

Q diagonal vector for K_97/21
  4   1   2   5   4   7   6   3   2   5   6   3   4   1   0   3   2  -1   0   3   4   1   2  -1  -2   1   2  -1   0   3   2   5   4   1   2   5   6   3   4   1   0   3   2  -1   0   3   2   5   4   1   0   3   4   1   2  -1  -2   1   0  -3  -2   1   2  -1   0  -3  -4  -1   0  -3  -2   1   0   3   2  -1   0   3   4   1   2  -1  -2   1   0  -3  -2   1   0   3   2  -1  -2   1   2  -1   0

Q diagonal vector for K_97/22
  2   3   0   1  -2  -1   2   1   4   5   2   3   0  -1   2   1   4   3   0   1  -2  -1  -4  -3   0  -1   2   3   0   1  -2  -1   2   1   4   3   0   1  -2  -3   0  -1   2   1   4   5   2   3   0   1   4   3   6   7   4   5   2   1   4   3   6   5   2   3   0   1  -2  -1   2   1   4   5   2   3   0   1   4   3   6   5   2   3   0  -1   2   1   4   3   6   7   4   5   2   3   6   5   8

Q diagonal vector for K_97/24
 21  22  19  20  17  18  15  16  13  14  11  12   9  10   7   8   5   6   3   4   1   2  -1   0  -3  -2   1   0   3   2   5   4   7   6   9   8  11  10  13  12  15  14  17  16  19  18  21  20  23  24  21  22  19  20  17  18  15  16  13  14  11  12   9  10   7   8   5   6   3   4   1   2  -1   0   3   2   5   4   7   6   9   8  11  10  13  12  15  14  17  16  19  18  21  20  23  22  25

Q diagonal vector for K_97/29
 12   9  10   7   8   5   6   3   4   1   2   5   4   7   6   9   8  11  10  13  14  11  12   9  10   7   8   5   6   3   4   7   6   9   8  11  10  13  12   9  10   7   8   5   6   3   4   1   0   3   2   5   4   7   6   9   8  11  10   7   8   5   6   3   4   1   2  -1   0   3   2   5   4   7   6   9   8  11  12   9  10   7   8   5   6   3   4   1   2   5   4   7   6   9   8  11  10

Q diagonal vector for K_97/30
 -7  -6  -9  -8  -5  -4  -7  -6  -3  -4  -7  -8  -5  -6  -9  -8 -11 -10  -7  -6  -9  -8  -5  -6  -9 -10  -7  -8 -11 -10 -13 -12  -9  -8 -11 -10  -7  -6  -9 -10  -7  -8 -11 -12  -9 -10  -7  -6  -9  -8  -5  -4  -7  -8  -5  -6  -9 -10  -7  -8  -5  -4  -7  -6  -3  -2  -5  -4  -1  -2  -5  -6  -3  -4  -7  -6  -9  -8  -5  -4  -7  -6  -3  -4  -7  -8  -5  -6  -9  -8 -11 -10  -7  -6  -9  -8  -5

Q diagonal vector for K_97/35
  1  -2  -3   0  -1   2   3   0  -1   2   1  -2  -1  -4  -3   0  -1  -4  -5  -2  -3   0   1  -2  -3   0  -1  -4  -3  -6  -5  -2  -3  -6  -5  -8  -7  -4  -3  -6  -7  -4  -5  -2  -1  -4  -3   0  -1  -4  -3  -6  -5  -2  -1  -4  -5  -2  -3   0   1  -2  -1   2   1  -2  -1  -4  -3   0  -1  -4  -5  -2  -3   0   1  -2  -3   0  -1  -4  -3  -6  -5  -2  -3  -6  -7  -4  -5  -2  -1  -4  -5  -2  -3

Q diagonal vector for K_97/37
  4   1   2  -1   0   3   2   5   4   7   6   3   4   1   0   3   2   5   6   3   4   1   2  -1  -2   1   0   3   2  -1   0  -3  -2   1   0   3   4   1   2  -1   0  -3  -4  -1  -2   1   2  -1   0  -3  -2   1   0   3   2   5   4   1   2  -1   0   3   2   5   6   3   4   1   2  -1  -2   1   0   3   2  -1   0  -3  -2   1   0   3   2   5   4   1   2  -1  -2   1   0   3   4   1   2  -1   0

Q diagonal vector for K_97/38
  5   4   7   6   9   8   5   6   3   2   5   4   7   6   3   4   1   0   3   2   5   6   3   4   1   2   5   4   7   8   5   6   3   4   7   6   9  10   7   8   5   6   3   2   5   4   7   6   3   4   1   0   3   2   5   4   1   2  -1   0   3   2   5   6   3   4   1   2   5   4   7   8   5   6   3   4   7   6   9   8  11  10   7   8   5   4   7   6   9   8   5   6   3   2   5   4   7

Q diagonal vector for K_97/39
 22  19  20  17  18  15  16  13  14  11  12   9  10   7   8   5   6   3   4   1   0   3   2   5   4   7   6   9   8  11  10  13  12  15  14  17  16  19  20  17  18  15  16  13  14  11  12   9  10   7   8   5   6   3   4   1   2  -1   0   3   2   5   4   7   6   9   8  11  10  13  12  15  14  17  16  19  18  21  20  17  18  15  16  13  14  11  12   9  10   7   8   5   6   3   4   1   2

Q diagonal vector for K_97/40
  2   1   4   3   6   7   4   5   2   3   0   1   4   3   6   5   8   9   6   7   4   5   2   1   4   3   6   5   8   7   4   5   2   3   0  -1   2   1   4   5   2   3   0   1  -2  -1   2   1   4   3   6   7   4   5   2   3   0   1   4   3   6   5   8   7   4   5   2   3   0  -1   2   1   4   3   6   5   2   3   0   1   4   3   6   5   8   9   6   7   4   5   2   3   6   5   8   7  10

Q diagonal vector for K_97/41
  8   5   6   3   4   7   6   9  10   7   8   5   6   9   8   5   6   3   2   5   4   7   6   3   4   1   0   3   2   5   6   3   4   1   2   5   4   7   8   5   6   3   4   7   6   3   4   1   0   3   2   5   4   1   2  -1   0   3   2   5   6   3   4   1   2   5   4   7   8   5   4   7   6   9   8   5   6   3   2   5   4   7   6   3   4   1   2   5   4   7   8   5   6   3   4   7   6

Q diagonal vector for K_97/42
  5   6   3   2   5   4   7   8   5   4   7   6   9  10   7   8   5   6   9   8   5   6   3   4   7   6   3   4   1   0   3   2   5   6   3   2   5   4   7   8   5   6   3   4   7   6   3   4   1   2   5   4   1   2  -1   0   3   2   5   6   3   2   5   4   7   8   5   4   7   6   9   8   5   6   3   4   7   6   3   4   1   2   5   4   7   8   5   4   7   6   9  10   7   6   9   8  11

Q diagonal vector for K_97/45
 12   9  10   7   8  11  10   7   8   5   4   7   6   9  10   7   8   5   6   9   8   5   6   3   2   5   4   7   8   5   6   3   4   7   6   3   4   1   0   3   2   5   6   3   4   1   2   5   4   1   2  -1   0   3   2   5   6   3   2   5   4   7   6   3   4   1   2   5   4   7   8   5   4   7   6   9   8   5   6   3   4   7   6   9  10   7   6   9   8  11  10   7   8   5   6   9   8

Q diagonal vector for K_97/46
  9   8  11  10  13  14  11  12   9  10   7   6   9   8  11  12   9  10   7   8   5   4   7   6   9  10   7   8   5   6   3   2   5   4   7   8   5   6   3   4   1   0   3   2   5   6   3   4   1   2  -1   0   3   2   5   4   7   6   3   4   1   2   5   4   7   6   9   8   5   6   3   4   7   6   9   8  11  10   7   8   5   6   9   8  11  10  13  12   9  10   7   8  11  10  13  12  15

Q diagonal vector for K_97/48
 47  48  45  46  43  44  41  42  39  40  37  38  35  36  33  34  31  32  29  30  27  28  25  26  23  24  21  22  19  20  17  18  15  16  13  14  11  12   9  10   7   8   5   6   3   4   1   2  -1   0   3   2   5   4   7   6   9   8  11  10  13  12  15  14  17  16  19  18  21  20  23  22  25  24  27  26  29  28  31  30  33  32  35  34  37  36  39  38  41  40  43  42  45  44  47  46  49

Q diagonal vector for K_97/50
 17  16  19  18  15  16  19  18  21  20  17  18  21  20  23  22  19  20  23  22  25  24  21  22  25  24  27  26  23  24  27  26  29  28  25  26  29  28  31  30  27  28  31  30  33  32  29  30  33  34  31  32  29  28  31  32  29  30  27  26  29  30  27  28  25  24  27  28  25  26  23  22  25  26  23  24  21  20  23  24  21  22  19  18  21  22  19  20  17  16  19  20  17  18  15  14  17

Q diagonal vector for K_97/53
 18  15  16  13  14  11  12   9  10  13  12  15  14  17  16  19  18  21  20  17  18  15  16  13  14  11  12  15  14  17  16  19  18  21  20  23  22  19  20  17  18  15  16  13  14  17  16  19  18  21  20  23  24  21  22  19  20  17  18  15  16  13  12  15  14  17  16  19  18  21  22  19  20  17  18  15  16  13  14  11  10  13  12  15  14  17  16  19  20  17  18  15  16  13  14  11  12

Q diagonal vector for K_97/54
 13  12  15  14  17  16  19  18  21  20  23  22  19  20  17  18  15  16  13  14  11  12  15  14  17  16  19  18  21  20  23  22  25  24  21  22  19  20  17  18  15  16  13  14  17  16  19  18  21  20  23  22  25  26  23  24  21  22  19  20  17  18  15  16  13  12  15  14  17  16  19  18  21  20  23  24  21  22  19  20  17  18  15  16  13  14  11  10  13  12  15  14  17  16  19  18  21

Q diagonal vector for K_97/61
  3   0   1   4   3   6   5   2   3   6   5   8   7   4   3   6   7   4   5   2   1   4   5   2   3   6   5   8   7   4   5   8   7  10   9   6   7  10  11   8   9   6   5   8   9   6   7   4   3   6   5   2   3   6   5   8   7   4   5   8   9   6   7   4   3   6   7   4   5   2   1   4   5   2   3   6   5   8   7   4   5   8   7  10   9   6   5   8   9   6   7   4   3   6   7   4   5

Q diagonal vector for K_97/63
-10 -13 -12 -15 -16 -13 -14 -11 -12  -9  -8 -11 -10 -13 -14 -11 -12  -9 -10  -7  -6  -9  -8 -11 -12  -9 -10  -7  -8  -5  -4  -7  -6  -9  -8  -5  -6  -3  -4  -7  -6  -9  -8 -11 -10  -7  -8  -5  -6  -9  -8 -11 -10 -13 -12  -9 -10  -7  -8 -11 -10 -13 -12 -15 -14 -11 -12  -9  -8 -11 -10 -13 -14 -11 -12  -9 -10  -7  -6  -9  -8 -11 -12  -9 -10  -7  -8  -5  -4  -7  -6  -9 -10  -7  -8  -5  -6

Q diagonal vector for K_97/64
  3   2   5   4   1   0   3   2  -1  -2   1   0  -3  -4  -1  -2  -5  -6  -3  -4  -7  -8  -5  -6  -9 -10  -7  -8 -11 -12  -9 -10 -13 -12  -9  -8 -11 -10  -7  -6  -9  -8  -5  -4  -7  -6  -3  -2  -5  -4  -1   0  -3  -2   1   2  -1   0   3   4   1   2   5   6   3   4   1   0   3   2  -1  -2   1   0  -3  -4  -1  -2  -5  -6  -3  -4  -7  -8  -5  -6  -9 -10  -7  -8 -11 -12  -9 -10 -13 -14 -11

Q diagonal vector for K_97/65
 62  59  60  57  58  55  56  53  54  51  52  49  50  47  48  45  46  43  44  41  42  39  40  37  38  35  36  33  34  31  32  29  30  33  32  35  34  37  36  39  38  41  40  43  42  45  44  47  46  49  48  51  50  53  52  55  54  57  56  59  58  61  60  63  64  61  62  59  60  57  58  55  56  53  54  51  52  49  50  47  48  45  46  43  44  41  42  39  40  37  38  35  36  33  34  31  32

Q diagonal vector for K_97/66
 -6  -7  -4  -3  -6  -5  -8  -7  -4  -5  -2  -1  -4  -3  -6  -5  -2  -3   0   1  -2  -1  -4  -3   0  -1   2   3   0   1  -2  -1   2   1   4   3   0   1  -2  -3   0  -1   2   1  -2  -1  -4  -5  -2  -3   0  -1  -4  -3  -6  -7  -4  -5  -2  -3  -6  -5  -8  -9  -6  -5  -8  -7 -10  -9  -6  -7  -4  -3  -6  -5  -8  -7  -4  -5  -2  -1  -4  -3  -6  -5  -2  -3   0   1  -2  -1  -4  -3   0  -1   2

Q diagonal vector for K_97/69
  0  -3  -2   1   2  -1   0   3   4   1   2   5   6   3   4   1   0   3   2  -1  -2   1   0  -3  -4  -1  -2  -5  -4  -1   0  -3  -2   1   2  -1   0   3   4   1   2   5   4   7   6   3   2   5   4   1   0   3   2  -1  -2   1   2  -1   0   3   4   1   2   5   6   3   4   7   8   5   6   3   2   5   4   1   0   3   2  -1  -2   1   0  -3  -2   1   2  -1   0   3   4   1   2   5   6   3   4

Q diagonal vector for K_97/70
 -3  -2  -5  -4  -7  -8  -5  -6  -3  -4  -1   0  -3  -2  -5  -4  -7  -6  -3  -4  -1  -2  -5  -4  -7  -6  -9  -8  -5  -6  -3  -4  -1   0  -3  -2  -5  -6  -3  -4  -1  -2   1   0  -3  -2  -5  -4  -7  -6  -3  -4  -1  -2  -5  -4  -7  -6  -9 -10  -7  -8  -5  -6  -3  -2  -5  -4  -7  -6  -9  -8  -5  -6  -3  -4  -7  -6  -9  -8 -11 -10  -7  -8  -5  -6  -3  -2  -5  -4  -7  -8  -5  -6  -3  -4  -1

Q diagonal vector for K_97/71
  3   0   1   4   5   2   3   0  -1   2   1  -2  -3   0   1  -2  -1   2   3   0   1  -2  -3   0  -1  -4  -3   0   1  -2  -1   2   1   4   3   0  -1   2   1  -2  -1   2   3   0   1   4   3   6   5   2   1   4   5   2   3   6   7   4   5   2   1   4   3   0  -1   2   3   0   1   4   5   2   3   0  -1   2   1  -2  -1   2   3   0   1   4   3   6   5   2   1   4   3   0   1   4   5   2   3

Q diagonal vector for K_97/72
 -6  -7  -4  -3  -6  -5  -8  -9  -6  -5  -8  -7 -10 -11  -8  -7 -10  -9 -12 -13 -10  -9 -12 -11 -14 -13 -10 -11  -8  -9 -12 -11  -8  -9  -6  -7 -10  -9  -6  -7  -4  -5  -8  -7  -4  -5  -2  -3  -6  -5  -8  -9  -6  -5  -8  -7 -10 -11  -8  -7 -10  -9 -12 -13 -10  -9 -12 -11 -14 -15 -12 -11 -14 -13 -16 -15 -12 -13 -10 -11 -14 -13 -10 -11  -8  -9 -12 -11  -8  -9  -6  -7 -10  -9  -6  -7  -4

Q diagonal vector for K_97/74
  1   2  -1   0   3   2  -1  -2   1   0   3   4   1   2   5   4   1   0   3   2   5   6   3   4   7   6   3   4   1   2   5   6   3   2   5   4   1   2  -1   0   3   4   1   0   3   2  -1   0  -3  -2   1   0  -3  -4  -1  -2   1   2  -1   0   3   2  -1  -2   1   0   3   4   1   2   5   4   1   2  -1   0   3   4   1   0   3   2  -1   0  -3  -2   1   2  -1  -2   1   0  -3  -2  -5  -4  -1

Q diagonal vector for K_97/77
-10 -13 -14 -11 -12  -9  -8 -11 -12  -9 -10  -7  -6  -9 -10  -7  -8  -5  -4  -7  -6  -3  -4  -7  -6  -9  -8  -5  -6  -9  -8 -11 -10  -7  -8 -11 -10 -13 -12  -9  -8 -11 -12  -9 -10  -7  -6  -9 -10  -7  -8  -5  -4  -7  -8  -5  -6  -3  -2  -5  -4  -1  -2  -5  -4  -7  -6  -3  -4  -7  -6  -9  -8  -5  -6  -9  -8 -11 -10  -7  -6  -9 -10  -7  -8  -5  -4  -7  -8  -5  -6  -3  -2  -5  -6  -3  -4

Q diagonal vector for K_97/78
-12 -11 -14 -13 -10  -9 -12 -11  -8  -7 -10  -9  -6  -5  -8  -7  -4  -3  -6  -5  -2  -3  -6  -7  -4  -5  -8  -9  -6  -7 -10 -11  -8  -9 -12 -13 -10 -11 -14 -13 -16 -15 -12 -11 -14 -13 -10  -9 -12 -11  -8  -7 -10  -9  -6  -5  -8  -7  -4  -5  -8  -9  -6  -7 -10 -11  -8  -9 -12 -13 -10 -11 -14 -15 -12 -13 -16 -15 -18 -17 -14 -13 -16 -15 -12 -11 -14 -13 -10  -9 -12 -11  -8  -7 -10  -9  -6

Q diagonal vector for K_97/80
 -8  -7 -10  -9  -6  -5  -8  -9  -6  -7 -10  -9 -12 -11  -8  -7 -10  -9  -6  -7 -10 -11  -8  -9  -6  -5  -8  -7  -4  -5  -8  -9  -6  -7 -10  -9 -12 -11  -8  -7 -10 -11  -8  -9 -12 -11 -14 -13 -10  -9 -12 -11  -8  -9 -12 -13 -10 -11  -8  -7 -10  -9  -6  -7 -10 -11  -8  -9 -12 -11 -14 -13 -10  -9 -12 -13 -10 -11 -14 -13 -16 -15 -12 -11 -14 -13 -10 -11 -14 -15 -12 -13 -10  -9 -12 -11  -8

Q diagonal vector for K_97/87
 -1  -4  -3  -6  -7  -4  -3  -6  -5  -8  -7  -4  -5  -2  -3  -6  -5  -2  -3   0   1  -2  -1  -4  -5  -2  -1  -4  -3  -6  -5  -2  -3   0  -1  -4  -3   0  -1   2   3   0   1  -2  -3   0   1  -2  -1  -4  -3   0  -1   2   1  -2  -1   2   1   4   5   2   3   0  -1   2   3   0   1  -2  -1   2   1   4   3   0   1   4   3   6   7   4   5   2   1   4   5   2   3   0   1   4   3   6   5   2   3

Q diagonal vector for K_97/88
 -5  -6  -3  -4  -7  -8  -5  -6  -9  -8  -5  -4  -7  -6  -3  -2  -5  -4  -7  -8  -5  -6  -9 -10  -7  -8 -11 -10  -7  -6  -9  -8  -5  -4  -7  -6  -9 -10  -7  -8 -11 -12  -9 -10 -13 -12  -9  -8 -11 -10  -7  -6  -9  -8 -11 -12  -9 -10 -13 -14 -11 -12 -15 -14 -11 -10 -13 -12  -9  -8 -11 -10 -13 -14 -11 -12 -15 -16 -13 -14 -17 -16 -13 -12 -15 -14 -11 -10 -13 -12 -15 -16 -13 -14 -17 -18 -15

Q diagonal vector for K_97/90
-16 -15 -18 -17 -20 -19 -22 -21 -18 -19 -16 -17 -14 -15 -18 -17 -20 -19 -22 -21 -24 -23 -20 -21 -18 -19 -16 -17 -20 -19 -22 -21 -24 -23 -26 -25 -22 -23 -20 -21 -18 -19 -22 -21 -24 -23 -26 -25 -28 -27 -24 -25 -22 -23 -20 -21 -24 -23 -26 -25 -28 -27 -30 -29 -26 -27 -24 -25 -22 -23 -26 -25 -28 -27 -30 -29 -32 -31 -28 -29 -26 -27 -24 -25 -28 -27 -30 -29 -32 -31 -34 -33 -30 -31 -28 -29 -26

Q diagonal vector for K_99/1
 98  95  96  93  94  91  92  89  90  87  88  85  86  83  84  81  82  79  80  77  78  75  76  73  74  71  72  69  70  67  68  65  66  63  64  61  62  59  60  57  58  55  56  53  54  51  52  49  50  47  48  45  46  43  44  41  42  39  40  37  38  35  36  33  34  31  32  29  30  27  28  25  26  23  24  21  22  19  20  17  18  15  16  13  14  11  12   9  10   7   8   5   6   3   4   1   2  -1   0

Q diagonal vector for K_99/4
-21 -22 -19 -18 -21 -20 -23 -22 -19 -20 -17 -16 -19 -18 -21 -20 -17 -18 -15 -14 -17 -16 -19 -18 -15 -16 -13 -12 -15 -14 -17 -16 -13 -14 -11 -10 -13 -12 -15 -14 -11 -12  -9  -8 -11 -10 -13 -12  -9 -10  -7  -6  -9  -8 -11 -10  -7  -8  -5  -4  -7  -6  -9  -8  -5  -6  -3  -2  -5  -4  -7  -6  -3  -4  -1   0  -3  -2  -5  -4  -1  -2   1   2  -1   0  -3  -2   1   0   3   4   1   2  -1   0   3   2   5

Q diagonal vector for K_99/7
 20  17  18  15  16  13  14  11  12  15  14  17  16  19  18  15  16  13  14  11  12   9  10  13  12  15  14  17  16  13  14  11  12   9  10   7   8  11  10  13  12  15  14  11  12   9  10   7   8   5   6   9   8  11  10  13  12   9  10   7   8   5   6   3   4   7   6   9   8  11  10   7   8   5   6   3   4   1   2   5   4   7   6   9   8   5   6   3   4   1   2  -1   0   3   2   5   4   7   6

Q diagonal vector for K_99/13
  6   3   2   5   4   7   8   5   6   9   8   5   6   3   4   7   8   5   4   7   6   3   4   1   2   5   4   1   0   3   2   5   6   3   4   7   6   3   4   1   2   5   6   3   2   5   4   1   2  -1   0   3   2  -1  -2   1   0   3   4   1   2   5   4   1   2  -1   0   3   4   1   0   3   2  -1   0  -3  -2   1   0  -3  -4  -1  -2   1   2  -1   0   3   2  -1   0  -3  -2   1   2  -1  -2   1   0

Q diagonal vector for K_99/16
  1   0   3   4   1   2  -1  -2   1   2  -1   0  -3  -4  -1   0  -3  -2  -5  -4  -1  -2   1   0  -3  -2   1   0   3   2  -1   0   3   2   5   6   3   4   1   0   3   4   1   2  -1  -2   1   2  -1   0  -3  -2   1   0   3   2  -1   0   3   2   5   4   1   2   5   4   7   8   5   6   3   2   5   6   3   4   1   0   3   4   1   2  -1   0   3   2   5   4   1   2   5   4   7   6   3   4   7   6   9

Q diagonal vector for K_99/17
  3   0   1   4   3   6   5   2   3   6   5   8   7   4   5   8   9   6   7   4   3   6   7   4   5   2   1   4   5   2   3   0  -1   2   1  -2  -1   2   1   4   3   0   1   4   3   6   5   2   3   6   7   4   5   2   1   4   5   2   3   0  -1   2   3   0   1  -2  -3   0  -1  -4  -3   0  -1   2   1  -2  -1   2   1   4   3   0   1   4   5   2   3   0  -1   2   3   0   1  -2  -3   0   1  -2  -1

Q diagonal vector for K_99/19
  8   5   6   3   4   7   6   9  10   7   8   5   6   9   8  11  12   9  10   7   8  11  10   7   8   5   4   7   6   9   8   5   6   3   2   5   4   7   6   3   4   1   2   5   4   7   8   5   6   3   4   7   6   9  10   7   8   5   6   9   8   5   6   3   2   5   4   7   6   3   4   1   0   3   2   5   4   1   2  -1   0   3   2   5   6   3   4   1   2   5   4   7   8   5   6   3   4   7   6

Q diagonal vector for K_99/20
 -1  -2   1   0   3   2   5   4   7   6   9   8  11  10  13  12  15  14  17  18  15  16  13  14  11  12   9  10   7   8   5   6   3   4   1   2  -1   0  -3  -2   1   0   3   2   5   4   7   6   9   8  11  10  13  12  15  14  17  16  19  20  17  18  15  16  13  14  11  12   9  10   7   8   5   6   3   4   1   2  -1   0   3   2   5   4   7   6   9   8  11  10  13  12  15  14  17  16  19  18  21

Q diagonal vector for K_99/29
  6   3   4   7   8   5   6   3   2   5   4   1   2   5   6   3   4   7   6   9   8   5   4   7   8   5   6   9  10   7   8   5   4   7   6   3   4   7   8   5   6   3   2   5   4   1   0   3   4   1   2   5   4   7   6   3   2   5   4   1   2   5   6   3   4   1   0   3   2  -1   0   3   4   1   2   5   4   7   6   3   2   5   6   3   4   7   8   5   6   3   2   5   4   1   2   5   6   3   4

Q diagonal vector for K_99/32
-11 -10 -13 -12  -9 -10 -13 -12 -15 -14 -11 -12 -15 -14 -17 -16 -13 -14 -17 -16 -19 -18 -15 -16 -19 -18 -21 -20 -17 -18 -21 -20 -23 -22 -19 -18 -21 -22 -19 -20 -17 -16 -19 -20 -17 -18 -15 -14 -17 -18 -15 -16 -13 -12 -15 -16 -13 -14 -11 -10 -13 -14 -11 -12  -9  -8 -11 -10  -7  -8 -11 -10 -13 -12  -9 -10 -13 -12 -15 -14 -11 -12 -15 -14 -17 -16 -13 -14 -17 -16 -19 -18 -15 -16 -19 -18 -21 -20 -17

Q diagonal vector for K_99/34
  3   4   1   0   3   2   5   6   3   2   5   4   7   8   5   4   7   6   9  10   7   6   9   8  11  12   9   8  11  10  13  14  11  12   9  10  13  12   9  10   7   8  11  10   7   8   5   6   9   8   5   6   3   4   7   6   3   4   1   2   5   4   1   2  -1   0   3   2   5   6   3   2   5   4   7   8   5   4   7   6   9  10   7   6   9   8  11  12   9   8  11  10  13  14  11  10  13  12  15

Q diagonal vector for K_99/35
  9   6   7   4   5   2   1   4   3   6   5   8   7   4   5   2   3   0  -1   2   1   4   3   6   5   2   3   0   1  -2  -3   0  -1   2   3   0   1  -2  -1  -4  -3   0  -1   2   1   4   5   2   3   0   1  -2  -1   2   1   4   3   6   7   4   5   2   3   0   1   4   3   6   5   8   7   4   5   2   3   0  -1   2   1   4   3   6   5   2   3   0   1  -2  -3   0  -1   2   1   4   3   0   1  -2  -1

Q diagonal vector for K_99/37
 15  12  13  10  11   8   9   6   7   4   5   2   1   4   3   6   5   8   7  10   9  12  11  14  13  10  11   8   9   6   7   4   5   2   3   0   1  -2  -1   2   1   4   3   6   5   8   7  10   9  12  13  10  11   8   9   6   7   4   5   2   3   0   1   4   3   6   5   8   7  10   9  12  11  14  13  10  11   8   9   6   7   4   5   2   3   0  -1   2   1   4   3   6   5   8   7  10   9  12  11

Q diagonal vector for K_99/41
 10   7   8   5   4   7   8   5   6   3   4   7   6   9   8   5   6   3   2   5   6   3   4   1   0   3   2   5   4   1   2   5   4   7   8   5   6   3   2   5   6   3   4   1   2   5   4   7   6   3   4   1   0   3   4   1   2  -1   0   3   2   5   4   1   2   5   4   7   8   5   6   3   2   5   4   7   6   3   4   7   6   9   8   5   6   3   2   5   6   3   4   1   2   5   4   7   6   3   4

Q diagonal vector for K_99/47
 13  10   9  12  11   8   9   6   7  10  11   8   7  10   9   6   7   4   5   8   9   6   5   8   7   4   5   2   3   6   7   4   3   6   5   2   3   0   1   4   5   2   1   4   3   0   1  -2  -1   2   3   0   1   4   3   0  -1   2   1   4   5   2   3   6   5   2   1   4   3   6   7   4   5   8   7   4   3   6   5   8   9   6   7  10   9   6   5   8   7  10  11   8   9  12  11   8   7  10   9

Q diagonal vector for K_99/49
 50  47  48  45  46  43  44  41  42  39  40  37  38  35  36  33  34  31  32  29  30  27  28  25  26  23  24  21  22  19  20  17  18  15  16  13  14  11  12   9  10   7   8   5   6   3   4   1   2  -1   0   3   2   5   4   7   6   9   8  11  10  13  12  15  14  17  16  19  18  21  20  23  22  25  24  27  26  29  28  31  30  33  32  35  34  37  36  39  38  41  40  43  42  45  44  47  46  49  48

Q diagonal vector for K_99/53
  7   4   5   2   3   6   5   8   9   6   5   8   7  10   9   6   7   4   5   8   7  10  11   8   7  10   9  12  11   8   9   6   7  10   9  12  13  10   9  12  11  14  13  10  11   8   9  12  11  14  15  12  13  10  11  14  13  10  11   8   7  10   9  12  13  10  11   8   9  12  11   8   9   6   5   8   7  10  11   8   9   6   7  10   9   6   7   4   3   6   5   8   9   6   7   4   5   8   7

Q diagonal vector for K_99/56
  7   6   9   8  11  10   7   8   5   4   7   6   9   8   5   6   3   4   7   6   9  10   7   8   5   6   9   8  11  10  13  12   9  10   7   6   9   8  11  10   7   8   5   6   9   8  11  12   9  10   7   8  11  10  13  14  11  12   9  10   7   6   9   8  11  10   7   8   5   4   7   6   9  10   7   8   5   6   9   8  11  12   9  10   7   8   5   4   7   6   9   8   5   6   3   2   5   4   7

Q diagonal vector for K_99/59
 -4  -7  -6  -3  -2  -5  -4  -1   0  -3  -2   1   2  -1   0   3   4   1   2   5   4   7   6   3   2   5   4   1   0   3   2  -1  -2   1   0  -3  -4  -1  -2  -5  -4  -1   0  -3  -2   1   2  -1   0   3   4   1   2   5   6   3   4   7   8   5   6   3   2   5   4   1   0   3   2  -1  -2   1   0  -3  -4  -1  -2  -5  -6  -3  -2  -5  -4  -1   0  -3  -2   1   2  -1   0   3   4   1   2   5   6   3   4

Q diagonal vector for K_99/61
 12   9  10   7   8   5   6   3   2   5   4   7   6   9   8  11  10   7   8   5   6   3   4   7   6   9   8  11  10  13  14  11  12   9  10   7   8   5   6   9   8  11  10  13  12  15  14  11  12   9  10   7   8   5   4   7   6   9   8  11  12   9  10   7   8   5   6   3   4   7   6   9   8  11  10  13  14  11  12   9  10   7   8   5   4   7   6   9   8  11  10  13  12   9  10   7   8   5   6

Q diagonal vector for K_99/68
-10  -9 -12 -11 -14 -13 -16 -15 -12 -13 -10 -11  -8  -7 -10  -9 -12 -11 -14 -13 -10 -11  -8  -9  -6  -5  -8  -7 -10  -9 -12 -11  -8  -9  -6  -7  -4  -5  -8  -7 -10  -9 -12 -13 -10 -11  -8  -9  -6  -7 -10  -9 -12 -11 -14 -15 -12 -13 -10 -11  -8  -9 -12 -11 -14 -13 -16 -15 -18 -17 -14 -15 -12 -13 -10  -9 -12 -11 -14 -13 -16 -15 -12 -13 -10 -11  -8  -7 -10  -9 -12 -11 -14 -13 -10 -11  -8  -9  -6

Q diagonal vector for K_99/71
  1  -2  -3   0  -1  -4  -5  -2  -3  -6  -7  -4  -5  -8  -7 -10  -9  -6  -5  -8  -7  -4  -3  -6  -5  -2  -1  -4  -3   0  -1  -4  -5  -2  -3  -6  -7  -4  -5  -8  -9  -6  -7  -4  -3  -6  -5  -2  -1  -4  -3   0   1  -2  -1   2   3   0  -1   2   1  -2  -3   0  -1  -4  -5  -2  -3  -6  -5  -8  -7  -4  -3  -6  -5  -2  -1  -4  -3   0   1  -2  -1   2   1  -2  -3   0  -1  -4  -5  -2  -3  -6  -7  -4  -5

Q diagonal vector for K_99/73
  7   4   5   2   3   0  -1   2   1   4   5   2   3   0   1  -2  -3   0  -1   2   3   0   1  -2  -1  -4  -3   0  -1   2   1   4   3   0   1  -2  -1   2   1   4   3   6   5   2   3   0   1   4   3   6   5   8   9   6   7   4   5   2   1   4   3   6   7   4   5   2   3   0  -1   2   1   4   5   2   3   0   1  -2  -1   2   1   4   3   6   5   2   3   0   1   4   3   6   5   8   7   4   5   2   3

Q diagonal vector for K_99/74
-24 -23 -26 -25 -28 -27 -30 -29 -32 -31 -34 -33 -36 -35 -38 -37 -40 -39 -42 -41 -44 -43 -46 -45 -48 -47 -44 -45 -42 -43 -40 -41 -38 -39 -36 -37 -34 -35 -32 -33 -30 -31 -28 -29 -26 -27 -24 -25 -22 -23 -26 -25 -28 -27 -30 -29 -32 -31 -34 -33 -36 -35 -38 -37 -40 -39 -42 -41 -44 -43 -46 -45 -48 -47 -50 -49 -46 -47 -44 -45 -42 -43 -40 -41 -38 -39 -36 -37 -34 -35 -32 -33 -30 -31 -28 -29 -26 -27 -24

Q diagonal vector for K_99/76
  3   2   5   4   1   0   3   2  -1   0   3   4   1   2   5   4   7   6   3   2   5   4   1   2   5   6   3   4   7   8   5   6   3   2   5   4   1   0   3   4   1   2   5   6   3   4   1   0   3   2  -1  -2   1   0  -3  -2   1   2  -1   0   3   2   5   4   1   0   3   2  -1   0   3   4   1   2   5   6   3   4   1   0   3   2  -1  -2   1   2  -1   0   3   4   1   2  -1  -2   1   0  -3  -4  -1

Q diagonal vector for K_99/85
 22  19  20  17  18  15  16  13  14  11  12   9  10   7   8  11  10  13  12  15  14  17  16  19  18  21  20  23  24  21  22  19  20  17  18  15  16  13  14  11  12   9  10  13  12  15  14  17  16  19  18  21  20  23  22  25  26  23  24  21  22  19  20  17  18  15  16  13  14  11  12  15  14  17  16  19  18  21  20  23  22  25  24  27  28  25  26  23  24  21  22  19  20  17  18  15  16  13  14

Q diagonal vector for K_99/89
-11 -14 -13 -16 -15 -18 -17 -20 -19 -22 -21 -18 -19 -16 -17 -14 -15 -12 -13 -10  -9 -12 -11 -14 -13 -16 -15 -18 -17 -20 -19 -16 -17 -14 -15 -12 -13 -10 -11  -8  -7 -10  -9 -12 -11 -14 -13 -16 -15 -18 -17 -14 -15 -12 -13 -10 -11  -8  -9  -6  -5  -8  -7 -10  -9 -12 -11 -14 -13 -16 -15 -12 -13 -10 -11  -8  -9  -6  -7  -4  -3  -6  -5  -8  -7 -10  -9 -12 -11 -14 -13 -10 -11  -8  -9  -6  -7  -4  -5

Q diagonal vector for K_99/91
 -6  -9  -8  -5  -6  -3  -4  -7  -6  -3  -2  -5  -4  -7  -8  -5  -4  -7  -6  -3  -4  -1  -2  -5  -4  -1   0  -3  -2  -5  -6  -3  -2  -5  -4  -1  -2   1   0  -3  -2   1   2  -1   0  -3  -4  -1   0  -3  -2   1   0   3   2  -1   0   3   4   1   2  -1  -2   1   2  -1   0   3   2   5   4   1   2   5   6   3   4   1   0   3   4   1   2   5   4   7   6   3   4   7   8   5   6   3   2   5   6   3   4

Q diagonal vector for K_99/94
-20 -19 -22 -21 -24 -23 -20 -21 -18 -19 -22 -21 -24 -23 -26 -25 -22 -23 -20 -21 -24 -23 -26 -25 -28 -27 -24 -25 -22 -23 -26 -25 -28 -27 -30 -29 -26 -27 -24 -25 -28 -27 -30 -29 -32 -31 -28 -29 -26 -27 -30 -29 -32 -31 -34 -33 -30 -31 -28 -29 -32 -31 -34 -33 -36 -35 -32 -33 -30 -31 -34 -33 -36 -35 -38 -37 -34 -35 -32 -33 -36 -35 -38 -37 -40 -39 -36 -37 -34 -35 -38 -37 -40 -39 -42 -41 -38 -39 -36

Q diagonal vector for K_99/97
-44 -47 -46 -43 -42 -45 -44 -41 -40 -43 -42 -39 -38 -41 -40 -37 -36 -39 -38 -35 -34 -37 -36 -33 -32 -35 -34 -31 -30 -33 -32 -29 -28 -31 -30 -27 -26 -29 -28 -25 -24 -27 -26 -23 -22 -25 -24 -21 -20 -23 -22 -19 -18 -21 -20 -17 -16 -19 -18 -15 -14 -17 -16 -13 -12 -15 -14 -11 -10 -13 -12  -9  -8 -11 -10  -7  -6  -9  -8  -5  -4  -7  -6  -3  -2  -5  -4  -1   0  -3  -2   1   2  -1   0   3   4   1   2

